ticker;score_sector;score_general;score_final;business_segment;activity_subsector;sector;company_name;crescimento_lucro;crescimento_receita;dividend_yield;Dív. líquida/EBIT;div_liq_ebitda;Dív. líquida/PL;EV/EBIT;EV/EBITDA;Giro ativos;lpa;liq_corrent;M. Bruta;M. EBIT;M. EBITDA;m_liquida;passivos_ativos;P/Ativo Circ. Liq.;P/Cap. Giro;P/EBIT;P/EBITDA;p_l;P/SR;p_vp;PEG Ratio;PL/Ativos;Passivos/Ativos;ROA;roe;ROIC;VPA;number_code;outlier
SOJA3;0,8527594010281341;0,6394596705958404;0,7354445492903726;Agricultura;Agropecuária;Consumo não Cíclico;BOA SAFRA SEMENTES S.A.;106,34;46,18;2,81;-0,59;-0,54;-0,08;7,19;6,56;0,6;1,98;2,67;15,42;10,68;11,69;15,57;0,5;-1,54;1,18;7,77;7,1;5,33;0,83;1,1;0,13;0,46;0,34;9,38;20,57;4,72;9,65;3;False
TKNO4;0,8020321065126118;0,6686401404649519;0,7286665251863989;Artefatos de Ferro e Aço;Siderurgia e Metalurgia;Materiais Básicos;TEKNO;130,56;15,16;2,39;-1,72;-1,54;-0,29;2,94;2,64;0,73;15,87;3,12;27,49;18,17;20,26;15,94;0,49;-1,18;1,22;3,65;3,27;4,16;0,66;0,63;0,06;0,78;0,22;11,7;15,05;13,07;105,44;4;False
LAVV3;0,711562427186839;0,6559284581215786;0,6809637442009459;Incorporações;Construção Civil;Consumo Cíclico;LAVVI EMPREENDIMENTOS IMOBILIÁRIOS S.A.;73,22;60,53;12,46;-0,27;0,0;-0,06;5,13;0,0;0,45;1,59;4,83;25,9;25,85;0,0;25,27;0,63;-3,12;1,0;5,4;0,0;5,52;1,4;1,19;0,07;0,53;0,4;11,41;21,56;13,85;7,38;3;False
KEPL3;0,7444430329883042;0,601056621827486;0,6655805068498541;Máq. e Equip. Industriais;Máquinas e Equipamentos;Bens Industriais;KEPLER WEBER;98,04;21,28;8,78;-0,43;-0,38;-0,19;4,89;4,36;1,06;1,4;2,14;30,43;19,7;22,06;15,27;1,11;-3,66;3,01;5,32;4,75;6,86;1,05;2,29;-1,46;0,49;0,51;16,24;33,38;22,67;4,2;3;False
DEXP4;0,7321284400121102;0,6102847299494085;0,6651143994776243;Petroquímicos;Químicos;Materiais Básicos;DEXXOS PARTICIPACOES S.A.;88,87;18,88;8,6;-0,55;-0,48;-0,13;3,42;3,01;1,15;1,5;3,61;19,7;13,27;15,08;9,38;0,62;-1,71;1,33;4,03;3,55;5,7;0,54;0,98;2,29;0,63;0,37;10,79;17,16;18,48;8,72;4;False
DEXP3;0,7246823344261967;0,6052242414883061;0,6589803833103569;Petroquímicos;Químicos;Materiais Básicos;DEXXOS PARTICIPACOES S.A.;88,87;18,88;6,32;-0,55;-0,48;-0,13;3,42;3,01;1,15;1,5;3,61;19,7;13,27;15,08;9,38;0,61;-1,69;1,31;3,97;3,49;5,62;0,53;0,96;2,26;0,63;0,37;10,79;17,16;18,48;8,72;3;False
PRIO3;0,6280638555225451;0,6528755956321178;0,6417103125828101;Exploração. Refino e Distribuição;Petróleo. Gás e Biocombustíveis;Petróleo. Gás e Biocombustíveis;PETRO RIO;88,69;69,58;0,0;1,0;0,78;0,42;5,36;4,18;0,33;5,47;5,01;53,91;54,7;70,18;34,74;0,78;-1,29;2,44;4,37;3,4;6,88;2,39;1,85;0,92;0,42;0,58;11,32;26,94;16,68;20,3;3;False
SCAR3;0,6297068626741625;0,6157827257007671;0,6220485873387951;Exploração de Imóveis;Exploração de Imóveis;Financeiro e Outros;SÃO CARLOS;73,93;30,55;19,98;2,86;2,55;0,68;5,38;4,79;0,37;4,32;3,47;46,45;35,66;40,01;22,21;0,33;-0,42;2,25;2,52;2,24;4,04;0,9;0,6;0,01;0,55;0,44;8,27;14,92;12,55;28,93;3;False
MTSA4;0,6858770765557601;0,5471133580560988;0,6095570313809464;Máq. e Equip. Construção e Agrícolas;Máquinas e Equipamentos;Bens Industriais;METISA;22,6;16,17;4,89;-3,49;-2,67;-0,33;8,69;6,67;0,82;5,15;3,93;21,73;8,92;11,64;9,39;0,64;-2,96;1,1;8,73;6,7;8,3;0,78;0,82;-0,17;0,78;0,22;7,72;9,87;3,58;52,17;4;False
EUCA4;0,6658142036700007;0,5594793240250007;0,6073300198652507;Madeira;Madeira e Papel;Materiais Básicos;EUCATEX;68,52;16,23;5,51;1,43;1,06;0,21;4,92;3,63;0,62;4,25;1,97;32,66;13,79;18,72;14,23;0,28;-0,44;1,48;3,24;2,39;3,14;0,45;0,48;0,07;0,58;0,42;8,77;15,24;9,6;27,91;4;False
STBP3;0,6743701557289168;0,5521880054331669;0,6071699730662544;Serviços de Apoio e Armazenagem;Transporte;Bens Industriais;SANTOS BRASIL;118,21;24,45;5,72;1,67;1,39;3,02;11,16;9,32;0,5;0,88;1,18;56,33;43,01;51,53;27,37;2,05;-2,59;62,72;9,49;7,92;14,92;4,08;17,16;0,17;0,12;0,88;13,73;115,02;25,79;0,77;3;False
BMOB3;0,6610935892581468;0,5595549718012673;0,6052473496568631;Programas e Serviços;Programas e Serviços;Tecnologia da Informação;BEMOBI MOBILE TECH S.A.;5,96;55,72;4,48;-5,14;-3,3;-0,49;5,96;3,82;0,96;1,39;3,28;22,89;7,66;11,94;8,23;0,81;-2,28;1,82;11,1;7,13;10,33;0,85;1,06;0,14;0,77;0,23;7,89;10,26;5,84;13,55;3;False
ALOS3;0,6246416834428424;0,5822844320933157;0,6013451952006028;Exploração de Imóveis;Exploração de Imóveis;Financeiro e Outros;ALIANSCSONAE;32,24;48,62;8,92;-4,92;-3,38;-0,42;3,85;2,65;0,09;1,41;2,23;72,96;43,47;63,18;28,02;0,35;-0,46;2,79;8,76;6,03;13,59;3,81;0,75;-0,18;0,47;0,5;2,58;5,49;7,37;25,68;3;False
EUCA3;0,6566137094935809;0,5544625954017263;0,6004305967430609;Madeira;Madeira e Papel;Materiais Básicos;EUCATEX;68,52;16,23;4,08;1,43;1,06;0,21;4,92;3,63;0,62;4,25;1,97;32,66;13,79;18,72;14,23;0,34;-0,54;1,82;3,98;2,93;3,86;0,55;0,59;0,09;0,58;0,42;8,77;15,24;9,6;27,91;3;False
WLMM4;0,662728939431103;0,5487489506141238;0,6000399455817644;Material de Transporte;Comércio;Bens Industriais;WLM INDÚSTRIA E COMÉRCIO;54,05;25,9;4,52;0,47;0,46;0,14;5,16;5,05;2,85;3,83;2,55;11,25;6,76;6,92;4,26;0,97;-2,54;2,59;5,04;4,93;8,01;0,34;1,47;0,25;0,66;0,34;12,15;18,33;15,14;20,9;4;False
RDOR3;0,699971964819871;0,5140471483137995;0,5977133157415317;Serv.Méd.Hospit..Análises e Diagnósticos;Serv.Méd.Hospit..Análises e Diagnósticos;Saúde;REDE D OR SÃO LUIZ S.A.;25,83;33,63;2,17;0,07;0,06;0,02;9,48;7,88;0,51;1,61;2,89;18,72;14,6;17,58;7,44;0,7;-1,37;2,16;9,41;7,82;18,46;1,37;2,78;0,13;0,25;0,73;3,77;15,08;10,63;10,69;3;False
BAZA3;0,589782940329748;0,5902456544964069;0,5900374331214104;Bancos;Intermediários Financeiros;Financeiro e Outros;BANCO AMAZONIA;64,26;25,91;7,36;0,0;0,0;0,0;3,5;0,0;0,09;23,27;0,0;14,51;31,41;0,0;28,37;0,1;-0,1;2,51;3,5;0,0;3,87;1,1;0,78;0,42;0,13;0,87;2,55;20,19;0,0;115,26;3;False
SHUL4;0,6593774199783154;0,5303228411599384;0,5883974016282081;Motores . Compressores e Outros;Máquinas e Equipamentos;Bens Industriais;SCHULZ;31,11;15,26;7,94;-0,71;-0,58;-0,15;17,65;14,3;0,77;0,76;3,18;25,81;15,13;18,66;14,0;0,85;-2,58;1,85;7,27;5,9;7,86;1,1;1,53;-0,65;0,56;0,44;10,82;19,42;12,59;3,92;4;False
SMTO3;0,669102641194936;0,5169396238248827;0,5854129816414066;Açucar e Alcool;Alimentos Processados;Consumo não Cíclico;SÃO MARTINHO;28,0;15,45;5,95;2,7;0,0;0,91;5,95;0,0;0,39;3,25;2,18;23,59;29,54;0,0;13,75;0,37;-0,53;2,23;3,25;0,0;6,98;0,96;1,1;0,9;0,34;0,66;5,3;15,72;12,9;20,64;3;False
RSUL4;0,6478596766969578;0,5330239898698937;0,5847000489420726;Material Rodoviário;Material de Transporte;Bens Industriais;METALURGICA RIOSULENSE;35,69;18,65;3,38;-0,38;-0,35;-0,14;1,51;1,4;0,95;9,12;2,42;41,56;22,68;24,44;15,09;0,99;-2,14;3,12;4,59;4,26;6,9;1,04;1,73;-0,78;0,57;0,43;14,29;25,08;23,55;36,35;4;False
TTEN3;0,6438306717134403;0,5295794123387793;0,5809924790573768;Agricultura;Agropecuária;Consumo não Cíclico;TRÊS TENTOS AGROINDUSTRIAL SA;44,75;36,65;0,8;0,31;0,29;0,08;7,41;6,87;1,41;1,6;1,73;18,95;8,62;9,29;6,63;0,86;-2,75;2,96;7,1;6,58;9,23;0,61;1,87;0,34;0,46;0,54;9,32;20,3;13,93;7,87;3;False
INTB3;0,6558282185340568;0,5128797732886126;0,5772065736490625;Computadores e Equipamentos;Computadores e Equipamentos;Tecnologia da Informação;INTELBRAS S.A. IND DE TELEC ELETRONICA BRASILEIRA;29,27;23,3;3,23;-0,27;-0,25;-0,05;8,33;7,6;0,78;1,79;2,05;30,29;12,4;13,59;12,67;0,83;-3,45;2,13;8,6;7,85;8,42;1,07;1,74;0,67;0,48;0,52;9,86;20,62;14,71;8,68;3;False
BRAP3;0,6311924778460072;0,5325425054232127;0,5769349930134703;Minerais Metálicos;Mineração;Materiais Básicos;BRADESPAR;8,66;0,0;13,13;-0,17;0,0;-0,03;3,62;0,0;0,0;4,59;5,41;0,0;0,0;0,0;0,0;0,73;-0,76;25,92;3,57;0,0;3,46;0,0;0,74;-0,23;0,99;0,01;21,19;21,33;20,63;21,5;3;False
BRAP4;0,6284629743884581;0,5317747274686829;0,5752844385825817;Minerais Metálicos;Mineração;Materiais Básicos;BRADESPAR;8,66;0,0;13,23;-0,17;0,0;-0,03;3,62;0,0;0,0;4,59;5,41;0,0;0,0;0,0;0,0;0,8;-0,83;28,38;3,9;0,0;3,78;0,0;0,81;-0,25;0,99;0,01;21,19;21,33;20,63;21,5;4;False
CMIN3;0,628686749513944;0,5288885150723919;0,5737977205710904;Minerais Metálicos;Mineração;Materiais Básicos;CSN MINERAÇÃO S.A.;29,52;21,15;14,51;-1,06;0,0;-0,64;4,36;0,0;0,5;0,71;1,78;51,31;31,6;0,0;22,53;0,85;-1,65;4,04;5,42;0,0;7,6;1,71;3,29;0,3;0,26;0,74;11,23;43,27;24,02;1,63;3;False
POMO3;0,6362758767412263;0,521082951814142;0,57291976803133;Material Rodoviário;Material de Transporte;Bens Industriais;MARCOPOLO;44,07;9,75;9,64;0,86;0,79;0,29;7,38;6,78;0,89;1,02;1,78;24,72;16,08;17,51;14,53;0,77;-1,95;2,93;5,42;4,98;6,0;0,87;1,79;0,13;0,43;0,56;12,91;29,91;16,94;3,41;3;False
VAMO3;0,624104953742074;0,531024220125074;0,5729105502527241;Máq. e Equip. Construção e Agrícolas;Máquinas e Equipamentos;Bens Industriais;VAMOS LOCAÇÃO DE CAMINHÕES. MÁQUINAS E EQUIP.;43,8;45,32;5,81;4,66;3,52;2,12;6,77;5,12;0,28;0,64;1,78;45,7;33,62;44,47;9,87;0,2;-0,3;1,42;2,11;1,6;7,19;0,71;0,96;0,96;0,21;0,79;2,79;13,35;11,38;4,81;3;False
VLID3;0,6358733838259436;0,5156501601784473;0,5697506108198207;Serviços Diversos;Serviços;Bens Industriais;VALID;28,71;5,4;6,84;0,11;0,1;0,03;4,49;4,04;0,78;4,32;2,87;36,36;21,93;24,36;15,95;0,75;-1,6;2,19;4,38;3,94;6,02;0,96;1,26;0,08;0,6;0,39;12,52;20,92;18,81;20,64;3;False
RECV3;0,5204452605610109;0,6067640131974354;0,5679205745110445;Exploração. Refino e Distribuição;Petróleo. Gás e Biocombustíveis;Petróleo. Gás e Biocombustíveis;PETRORECÔNCAVO S.A.;51,99;56,51;17,05;0,28;0,0;0,05;6,31;0,0;0,4;2,02;1,98;34,27;25,24;0,0;19,03;0,61;-0,83;4,78;6,03;0,0;8,0;1,52;1,04;-0,22;0,59;0,41;7,68;12,94;10,91;15,59;3;False
POMO4;0,6171771772547033;0,5104286687899339;0,5584654975990802;Material Rodoviário;Material de Transporte;Bens Industriais;MARCOPOLO;44,07;9,75;7,33;0,86;0,79;0,29;7,38;6,78;0,89;1,02;1,78;24,72;16,08;17,51;14,53;1,02;-2,56;3,86;7,13;6,55;7,89;1,15;2,36;0,17;0,43;0,56;12,91;29,91;16,94;3,41;4;False
GGBR3;0,6035264036186337;0,5169770201559433;0,555924242714154;Siderurgia;Siderurgia e Metalurgia;Materiais Básicos;GERDAU;32,02;11,07;5,24;0,73;0,53;0,09;5,11;3,71;0,75;2,35;3,01;11,06;11,38;15,66;7,44;0,36;-0,58;1,44;4,25;3,09;6,5;0,48;0,54;-0,16;0,67;0,33;5,56;8,3;9,14;28,34;3;False
GOAU4;0,6037174757583443;0,5162347366816374;0,5556019692661556;Siderurgia;Siderurgia e Metalurgia;Materiais Básicos;METALURGICA GERDAU;31,08;11,07;5,06;0,71;0,53;0,09;1,94;1,43;0,75;1,65;3,01;13,58;11,35;15,42;2,53;0,1;-0,16;0,41;1,21;0,89;5,41;0,14;0,15;-0,13;0,67;0,33;1,89;2,82;8,89;58,27;4;False
GOAU3;0,602385986848894;0,5155633764813693;0,5546335511467555;Siderurgia;Siderurgia e Metalurgia;Materiais Básicos;METALURGICA GERDAU;31,08;11,07;4,9;0,71;0,53;0,09;1,94;1,43;0,75;1,65;3,01;13,58;11,35;15,42;2,53;0,11;-0,17;0,42;1,25;0,92;5,58;0,14;0,16;-0,14;0,67;0,33;1,89;2,82;8,89;58,27;3;False
GGBR4;0,6014210351132299;0,5159238868404125;0,5543976035631804;Siderurgia;Siderurgia e Metalurgia;Materiais Básicos;GERDAU;32,02;11,07;4,99;0,73;0,53;0,09;5,11;3,71;0,75;2,35;3,01;11,06;11,38;15,66;7,44;0,38;-0,61;1,51;4,46;3,24;6,82;0,51;0,57;-0,17;0,67;0,33;5,56;8,3;9,14;28,34;4;False
EALT4;0,6038429694193626;0,5113605898311772;0,5529776606458606;Máq. e Equip. Industriais;Máquinas e Equipamentos;Bens Industriais;ELECTRO ACO ALTONA;40,87;14,94;3,79;1,2;0,94;0,37;4,73;3,72;0,9;3,02;1,17;28,54;15,7;19,96;12,3;0,49;-0,88;7,76;3,47;2,73;4,43;0,55;1,08;0,04;0,45;0,55;11,03;24,31;18,25;12,43;4;False
GEPA4;0,5781802484003787;0,5250234316960997;0,5489439992130253;Energia Elétrica;Energia Elétrica;Utilidade Pública;RIO PARANAPANEMA;26,61;1,08;20,15;1,35;0,77;0,22;9,45;5,44;0,4;8,82;0,54;13,64;24,48;42,52;59,3;0,79;-0,91;-7,05;8,17;4,71;3,37;2,0;1,32;0,02;0,6;0,4;23,45;39,21;10,36;22,48;4;False
TGMA3;0,6108920878627903;0,4935707388774678;0,5463653459208629;Transporte Rodoviário;Transporte;Bens Industriais;TEGMA GESTÃO LOGÍSTICA;16,85;4,78;8,21;-0,31;-0,32;-0,11;6,6;6,65;1,49;3,57;2,8;20,87;16,42;16,29;12,29;1,69;-3,66;4,9;6,91;6,97;9,24;1,14;2,44;0,35;0,69;0,31;18,32;26,44;25,02;13,51;3;False
GGPS3;0,596174315021339;0,5034523269114664;0,5451772215609091;Logística;Transporte;Bens Industriais;GPS PARTICIPACOES E EMPREENDIMENTOS S.A.;27,32;26,58;2,12;1,6;0,0;0,58;9,82;0,0;0,94;1,0;2,33;16,04;9,12;0,0;4,97;0,7;-1,5;2,3;8,22;0,0;15,09;0,75;2,95;1,14;0,24;0,76;4,65;19,58;11,06;5,09;3;False
GMAT3;0,5854714272849182;0,5084754087126881;0,5431236170701916;Alimentos;Comércio e Distribuição;Consumo não Cíclico;GRUPO MATEUS S.A.;34,74;31,22;2,79;1,57;1,34;0,34;9,4;8,0;1,73;0,59;2,09;22,34;6,45;7,59;4,29;0,87;-2,24;2,73;7,83;6,66;11,77;0,51;1,68;0,74;0,52;0,48;7,41;14,3;14,15;4,12;3;False
EMAE4;0,509001737311199;0,5674228823194427;0,541133367065733;Energia Elétrica;Energia Elétrica;Utilidade Pública;EMAE - EMPRESA METROP.AGUAS ENERGIA;7,3;13,78;3,86;-4,71;-4,21;-0,35;18,1;16,15;0,29;3,91;7,38;28,37;14,0;15,69;23,41;0,73;-1,26;1,97;18,08;16,14;10,81;2,53;1,36;0,19;0,53;0,47;6,71;12,55;5,79;31,13;4;False
KLBN4;0,5732245216318299;0,5123456939828137;0,539741166424871;Papel e Celulose;Madeira e Papel;Materiais Básicos;KLABIN;71,91;12,47;5,78;7,08;4,76;2,9;13,38;8,99;0,32;0,33;2,3;35,44;21,64;32,22;10,93;0,43;-0,57;3,19;6,26;4,21;12,4;1,36;2,56;-0,44;0,17;0,8;3,5;20,66;7,32;1,62;4;False
KLBN3;0,569139621625693;0,5107729802883315;0,5370379688901442;Papel e Celulose;Madeira e Papel;Materiais Básicos;KLABIN;71,91;12,47;5,51;7,08;4,76;2,9;13,38;8,99;0,32;0,33;2,3;35,44;21,64;32,22;10,93;0,46;-0,6;3,35;6,58;4,42;13,02;1,42;2,69;-0,46;0,17;0,8;3,5;20,66;7,32;1,62;3;False
MILS3;0,5916870425825017;0,49198735241527547;0,5368522129905273;Serviços Diversos;Serviços;Bens Industriais;MILLS;0,0;35,27;6,74;1,96;1,35;0,67;6,29;4,33;0,42;1,24;2,15;62,87;33,08;48,08;19,22;0,6;-0,94;3,17;4,34;2,98;7,46;1,43;1,48;0,4;0,41;0,59;8,09;19,83;12,47;6,25;3;False
GRND3;0,5403414107180365;0,5338530438554074;0,5367728089435906;Calçados;Tecidos. Vestuário e Calçados;Consumo Cíclico;GRENDENE;2,36;0,84;7,53;-2,78;-2,07;-0,29;9,37;6,97;0,59;0,73;7,23;46,11;15,97;21,47;26,0;1,15;-3,51;1,98;12,15;9,04;7,46;1,94;1,27;0,27;0,9;0,1;15,4;17,07;9,92;4,27;3;False
TECN3;0,5469855283252091;0,5231907808566709;0,5338984172175132;Acessórios;Tecidos. Vestuário e Calçados;Consumo Cíclico;TECHNOS;34,8;2,29;4,1;-0,27;0,0;-0,04;5,55;0,0;0,54;1,0;4,17;55,13;17,16;0,0;17,09;0,54;-1,63;1,06;5,82;0,0;5,84;1,0;0,92;0,28;0,58;0,42;9,22;15,82;9,62;6,3;3;False
VULC3;0,5341105371599807;0,528513934079507;0,5310324054657202;Calçados;Tecidos. Vestuário e Calçados;Consumo Cíclico;VULCABRAS;29,09;17,67;11,47;-0,19;-0,16;-0,05;7,8;6,61;0,96;1,99;2,87;42,23;19,42;22,91;18,59;1,49;-5,59;3,13;7,98;6,77;8,34;1,55;2,22;-2,46;0,67;0,33;17,92;26,61;22,0;7,46;3;False
FRAS3;0,5800455115169882;0,49029942607367;0,5306851645231633;Material Rodoviário;Material de Transporte;Bens Industriais;FRAS-LE;28,07;24,32;2,73;0,72;0,57;0,15;15,69;12,31;0,81;1,19;2,26;31,64;11,92;15,2;8,93;1,45;-3,85;4,18;14,97;11,74;19,98;1,78;3,14;-20,38;0,46;0,53;7,26;15,71;8,45;7,58;3;False
CAML3;0,5923954444365616;0,47898330297951935;0,5300187666351883;Alimentos Diversos;Alimentos Processados;Consumo não Cíclico;CAMIL;-4,63;18,83;4,66;4,79;0,0;0,96;7,25;0,0;1,16;0,82;2,16;15,02;4,99;0,0;2,31;0,14;-0,36;0,45;2,46;0,0;5,31;0,12;0,49;-0,12;0,29;0,71;2,69;9,26;6,63;8,82;3;False
CAMB3;0,5398037043466473;0,5213962259412446;0,5296795912236758;Calçados;Tecidos. Vestuário e Calçados;Consumo Cíclico;CAMBUCI;34,98;13,16;6,23;-0,46;-0,41;-0,16;4,19;3,71;1,14;1,76;2,38;48,72;21,35;24,16;16,39;1,14;-2,32;3,83;4,65;4,11;6,06;0,99;1,6;-2,08;0,71;0,29;18,73;26,33;28,65;6,7;3;False
FESA4;0,5751379570406346;0,491523261829909;0,5291498746747356;Siderurgia;Siderurgia e Metalurgia;Materiais Básicos;FERBASA;-3,66;12,01;6,8;-3,21;-1,45;-0,16;17,2;7,79;0,5;0,73;3,24;16,15;7,54;16,66;11,8;0,63;-1,08;2,18;16,7;7,56;10,67;1,26;0,81;-0,23;0,77;0,22;5,9;7,63;3,89;9,51;4;False
MELK3;0,5382332887346247;0,5214081262682828;0,5289794493781367;Incorporações;Construção Civil;Consumo Cíclico;MELNICK EVEN DESENVOLVIMENTO IMOBILIÁRIO S.A.;10,45;14,88;10,56;-1,94;-2,1;-0,14;7,06;7,65;0,4;0,4;2,76;22,69;8,55;7,89;8,19;0,31;-1,75;0,59;9,0;9,75;9,4;0,77;0,65;0,63;0,48;0,47;3,3;6,9;4,71;5,85;3;False
AGRO3;0,5843541705388077;0,48207114666484085;0,5280985074081259;Agricultura;Agropecuária;Consumo não Cíclico;BRASILAGRO;9,64;13,78;7,42;2,35;1,55;0,39;8,31;5,48;0,35;2,73;2,09;39,35;28,63;43,41;22,21;0,6;-0,86;3,77;5,96;3,93;7,68;1,71;0,99;1,19;0,6;0,4;7,78;12,87;9,6;21,23;3;False
CSUD3;0,5796603070843114;0,483973255095054;0,5270324284902199;Serviços Diversos;Serviços;Bens Industriais;CSU DIGITAL S.A.;23,14;4,78;6,41;-0,01;-0,01;0,0;5,39;3,7;0,83;2,22;1,23;41,44;23,5;34,23;16,66;1,05;-1,45;20,58;5,4;3,71;7,62;1,27;1,53;1,01;0,68;0,32;13,79;20,13;17,66;11,04;3;False
SBFG3;0,5409969703480917;0,5151521787398492;0,5267823349635583;Produtos Diversos;Comércio;Consumo Cíclico;CENTAURO;29,12;25,16;1,64;3,41;0,0;0,73;7,46;0,0;0,84;2,16;1,68;48,55;8,94;0,0;7,42;0,31;-0,67;1,39;4,05;0,0;4,88;0,36;0,86;0,03;0,35;0,65;6,25;17,65;10,29;12,26;3;False
JHSF3;0,5285934156046386;0,519058101686232;0,523348992949515;Incorporações;Construção Civil;Consumo Cíclico;JHSF;28,32;26,82;9,67;2,43;2,31;0,52;4,74;4,5;0,13;0,93;1,92;60,41;71,28;75,16;39,92;0,21;-0,31;1,34;2,31;2,19;4,12;1,65;0,5;0,07;0,42;0,54;5,1;12,05;9,41;7,73;3;False
MDIA3;0,5881722010866789;0,4690455942917873;0,5226525673494886;Alimentos Diversos;Alimentos Processados;Consumo não Cíclico;M.DIAS BRANCO;7,82;9,62;1,01;0,24;0,17;0,03;8,96;6,41;0,78;2,39;2,2;35,19;9,27;12,97;8,16;0,63;-1,19;2,46;8,73;6,24;9,92;0,81;1,01;0,22;0,63;0,37;6,35;10,14;7,76;23,59;3;False
JSLG3;0,5742849270811687;0,4797984735300521;0,5223173776280545;Transporte Rodoviário;Transporte;Bens Industriais;JSL S.A.;14,42;-1,27;7,18;4,84;0,0;3,21;6,21;0,0;0,68;0,9;1,74;17,75;14,11;0,0;2,95;0,13;-0,21;0,82;1,36;0,0;6,52;0,19;0,9;-0,21;0,15;0,85;2,01;13,84;11,69;6,49;3;False
CLSC4;0,5277317015442515;0,5176272113876876;0,5221742319581414;Energia Elétrica;Energia Elétrica;Utilidade Pública;CELESC;32,53;6,3;7,72;2,93;2,21;0,89;5,93;4,46;0,78;17,49;1,31;17,5;9,77;12,98;6,44;0,23;-0,34;3,1;3,05;2,3;4,63;0,3;0,92;0,26;0,25;0,75;5,03;19,94;12,76;87,71;4;False
FLRY3;0,5707366731838309;0,4815792202334821;0,521700074061139;Serv.Méd.Hospit..Análises e Diagnósticos;Serv.Méd.Hospit..Análises e Diagnósticos;Saúde;FLEURY;13,1;19,42;5,97;2,48;1,5;0,55;7,9;4,78;0,58;1,12;1,93;27,69;15,66;25,87;8,13;0,49;-0,74;3,02;5,42;3,28;10,44;0,85;1,2;0,16;0,41;0,58;4,71;11,48;9,52;9,76;3;False
CURY3;0,5207074732654131;0,5224856792062742;0,5216854865328867;Incorporações;Construção Civil;Consumo Cíclico;CURY CONSTRUTORA E INCORPORADORA S.A.;37,52;25,68;9,57;-0,42;0,0;-0,3;8,52;0,0;0,94;2,21;2,21;38,41;20,96;0,0;17,4;1,75;-5,22;4,82;8,93;0,0;10,76;1,87;6,39;0,19;0,27;0,69;16,28;59,44;29,63;3,71;3;False
BLAU3;0,5649070232153768;0,4847950586427712;0,5208454427004438;Medicamentos e Outros Produtos;Medicamentos e Outros Produtos;Saúde;BLAU FARMACÊUTICA S.A.;8,7;11,91;3,05;0,44;0,37;0,06;8,51;7,17;0,52;1,04;3,48;35,38;15,77;18,73;11,1;0,66;-1,3;1,9;8,07;6,79;11,47;1,27;1,02;-0,28;0,65;0,36;5,77;8,92;8,01;11,69;3;False
CGAS5;0,5290898868822873;0,5137480468578651;0,5206518748688551;Gás;Gás;Utilidade Pública;COMGAS;16,06;17,25;16,93;2,19;1,81;4,75;7,41;6,13;1,07;21,29;1,11;20,2;20,03;24,22;18,54;1,22;-1,82;35,67;5,7;4,71;6,15;1,14;12,35;0,01;0,1;0,9;19,81;200,7;30,61;10,61;5;False
ETER3;0,5702559493428333;0,47812009364965824;0,5195812287115871;Produtos para Construção;Construção e Engenharia;Bens Industriais;ETERNIT;0,0;16,03;4,59;1,72;0,98;0,13;7,23;4,13;0,89;1,84;2,05;22,54;5,32;9,32;9,81;0,26;-0,46;1,16;5,51;3,14;2,99;0,29;0,43;0,03;0,61;0,39;8,69;14,3;-0,94;12,86;3;False
LUPA3;0,5100156079231706;0,52685655606234;0,5192781293997139;Equipamentos e Serviços;Petróleo. Gás e Biocombustíveis;Petróleo. Gás e Biocombustíveis;LUPATECH;0,0;-7,38;0,0;-6,9;-9,45;1,21;-9,43;-12,91;0,26;1,38;1,14;21,84;-17,54;-12,82;48,48;0,12;-0,16;3,51;-2,53;-3,46;0,92;0,44;0,44;0,01;0,26;0,74;12,62;48,27;-8,59;2,85;3;False
FIQE3;0,5847688507805547;0,46494205583506404;0,5188641135605349;Telecomunicações;Telecomunicações;Comunicações;UNIFIQUE TELECOMUNICAÇÕES S.A.;0,0;0,0;7,39;0,23;0,13;0,05;5,08;2,82;0,44;0,75;1,62;38,76;25,99;46,71;27,26;0,55;-0,82;4,51;4,85;2,7;4,62;1,26;1,07;0,04;0,52;0,48;12,0;23,13;12,45;3,23;3;False
VALE3;0,5646815323542744;0,4807664120455495;0,5185282161844758;Minerais Metálicos;Mineração;Materiais Básicos;VALE;0,0;7,33;9,24;0,92;0,72;0,3;4,63;3,63;0,43;10,63;1,03;39,06;33,54;42,81;22,86;0,53;-0,64;108,67;3,72;2,91;5,45;1,25;1,23;3,53;0,43;0,57;9,72;22,58;20,49;47,09;3;False
TUPY3;0,5678283892801972;0,47792438879901433;0,5183811890155466;Material Rodoviário;Material de Transporte;Bens Industriais;TUPY;4,23;18,68;7,4;2,87;1,96;0,63;6,55;4,48;0,95;2,32;2,23;17,77;7,57;11,06;3,1;0,27;-0,73;0,76;3,69;2,52;9,01;0,28;0,81;-0,5;0,33;0,67;2,95;9,01;8,93;25,72;3;False
OFSA3;0,5581018099530011;0,48260710744381824;0,5165797235729506;Medicamentos e Outros Produtos;Comércio e Distribuição;Saúde;OURO FINO SAÚDE ANIMAL;5,75;9,87;4,92;0,67;0,54;0,14;7,42;5,93;0,73;1,69;3,51;48,5;15,46;19,34;9,5;0,76;-2,13;1,67;6,75;5,4;10,99;1,04;1,37;-0,02;0,56;0,44;6,96;12,49;9,45;13,51;3;False
NUTR3;0,5662261938810413;0,47351006179472555;0,5152323212335677;Fertilizantes e Defensivos;Químicos;Materiais Básicos;NUTRIPLANT INDUSTRIA E COMERCIO S.A.;0,0;28,54;0,0;0,55;0,52;0,21;3,52;3,34;1,6;0,58;1,72;18,25;8,34;8,79;4,04;0,4;-1,46;1,29;2,97;2,82;6,13;0,25;1,15;0,06;0,34;0,66;6,45;18,82;24,74;3,06;3;False
BPAC5;0,5005029875242444;0,526436289666503;0,5147663037024867;Bancos;Intermediários Financeiros;Financeiro e Outros;BTG;53,55;26,97;3,53;0,0;0,0;0,0;9,81;0,0;0,05;0,95;0,01;58,69;41,21;0,0;34,95;0,15;-0,15;-0,2;7,25;0,0;8,55;2,99;1,59;0,36;0,1;0,89;1,78;18,58;0,0;5,11;5;False
CMIG4;0,514042912190207;0,5153454311304005;0,5147592976073134;Energia Elétrica;Energia Elétrica;Utilidade Pública;CEMIG;31,19;10,6;12,74;0,72;0,64;0,27;4,2;3,72;0,61;2,31;1,04;21,82;27,02;30,55;17,12;0,51;-0,69;47,29;3,07;2,72;4,85;0,83;1,14;-4,4;0,45;0,55;10,49;23,55;19,5;9,81;4;False
WHRL3;0,5230823828142264;0,5064856840781251;0,5139541985093707;Eletrodomésticos;Comércio;Consumo Cíclico;WHIRLPOOL;25,53;13,15;9,78;-1,65;-1,27;-0,68;4,12;3,15;1,29;0,37;1,07;17,22;8,25;10,79;4,49;0,6;-2,05;12,31;5,64;4,31;10,36;0,47;2,33;0,18;0,26;0,74;5,81;22,52;29,08;1,66;3;False
RAPT3;0,5557690162920625;0,478035325204796;0,513015486194066;Material Rodoviário;Material de Transporte;Bens Industriais;RANDON;17,93;20,63;4,4;3,53;2,75;0,94;6,06;4,73;0,8;1,05;1,9;25,94;10,35;13,26;3,09;0,2;-0,47;0,7;2,35;1,83;7,87;0,24;0,62;-0,47;0,31;0,69;2,48;7,93;7,76;13,26;3;False
CGRA3;0,5183909199085344;0,5081698132969903;0,5127693112721852;Tecidos. Vestuário e Calçados;Comércio;Consumo Cíclico;GRAZZIOTIN;10,72;7,88;10,64;-2,5;0,0;-0,19;5,14;0,0;0,56;4,29;2,8;50,66;9,81;0,0;12,52;0,41;-0,73;1,49;7,51;0,0;5,89;0,74;0,56;1,39;0,73;0,27;7,03;9,58;6,72;44,78;3;False
MTRE3;0,5076250451401073;0,5169476970874121;0,5127525037111249;Incorporações;Construção Civil;Consumo Cíclico;MITRE REALTY EMPREENDIMENTOS E PARTICIPAÇÕES S.A.;23,11;43,88;12,51;5,09;4,65;0,39;9,34;8,53;0,53;0,42;2,48;22,39;7,09;7,76;3,98;0,16;-0,88;0,32;4,25;3,88;7,57;0,3;0,32;-0,15;0,49;0,51;2,09;4,25;3,22;9,81;3;False
WHRL4;0,5203976413963683;0,5055999822850569;0,5122589288851471;Eletrodomésticos;Comércio;Consumo Cíclico;WHIRLPOOL;25,53;13,15;10,01;-1,65;-1,27;-0,68;4,12;3,15;1,29;0,37;1,07;17,22;8,25;10,79;4,49;0,65;-2,2;13,23;6,06;4,64;11,13;0,5;2,51;0,19;0,26;0,74;5,81;22,52;29,08;1,66;4;False
CGRA4;0,5174209152546578;0,5072805263976308;0,5118437013832929;Tecidos. Vestuário e Calçados;Comércio;Consumo Cíclico;GRAZZIOTIN;10,72;7,88;10,36;-2,5;0,0;-0,19;5,14;0,0;0,56;4,29;2,8;50,66;9,81;0,0;12,52;0,42;-0,75;1,53;7,72;0,0;6,05;0,76;0,58;1,43;0,73;0,27;7,03;9,58;6,72;44,78;4;False
ODPV3;0,5666505642999567;0,4659007652891745;0,5112381748440266;Serv.Méd.Hospit..Análises e Diagnósticos;Serv.Méd.Hospit..Análises e Diagnósticos;Saúde;ODONTOPREV;13,62;5,88;12,4;-0,88;-0,83;-0,48;8,43;7,9;0,96;0,98;0,79;32,07;31,11;33,18;24,22;2,79;-4,05;-34,28;9,31;8,73;11,96;2,9;5,04;1,24;0,55;0,45;23,35;42,17;36,77;2,31;3;False
TOTS3;0,5531534985954888;0,47545480174941884;0,5104192153301503;Programas e Serviços;Programas e Serviços;Tecnologia da Informação;TOTVS;27,88;18,01;1,29;-0,32;-0,23;-0,06;23,5;17,12;0,61;1,2;2,42;69,48;16,79;23,05;13,73;2,45;-3,62;12,9;23,82;17,35;29,12;4,0;4,19;-12,36;0,58;0,42;8,41;14,39;11,82;8,32;3;False
BGIP4;0,4809492780095252;0,5342173078765974;0,5102466944364149;Bancos;Intermediários Financeiros;Financeiro e Outros;BANCO BANESE;18,7;13,8;18,34;0,0;0,0;0,0;2,29;0,0;0,12;7,55;0,8;39,62;17,0;0,0;11,8;0,05;-0,09;-0,37;2,25;0,0;3,25;0,38;0,67;0,02;0,07;0,93;1,45;20,62;0,0;36,61;4;False
RAPT4;0,5516433894535319;0,4760026626478185;0,5100409897103896;Material Rodoviário;Material de Transporte;Bens Industriais;RANDON;17,93;20,63;3,93;3,53;2,75;0,94;6,06;4,73;0,8;1,05;1,9;25,94;10,35;13,26;3,09;0,22;-0,53;0,79;2,63;2,05;8,81;0,27;0,7;-0,53;0,31;0,69;2,48;7,93;7,76;13,26;4;False
LJQQ3;0,5185126123478728;0,4999574422805117;0,5083072688108242;Produtos Diversos;Comércio;Consumo Cíclico;LOJAS QUERO-QUERO S/A;22,7;15,23;4,65;-0,58;-0,3;-0,15;2,48;1,3;0,71;0,28;1,73;34,73;5,47;10,43;2,08;0,12;-0,41;0,4;3,07;1,61;8,05;0,17;0,77;-0,03;0,15;0,85;1,48;9,58;11,9;2,89;3;False
HYPE3;0,562842078099283;0,4632862181146751;0,5080863551077487;Medicamentos e Outros Produtos;Comércio e Distribuição;Saúde;HYPERA;6,79;16,27;4,99;3,12;2,81;0,58;8,56;7,72;0,3;2,48;1,81;60,95;29,18;32,39;20,16;0,48;-0,72;3,14;5,45;4,91;7,88;1,59;1,01;-0,7;0,47;0,53;6,06;12,84;9,51;19,28;3;False
ABEV3;0,5594516207452463;0,4640601064951711;0,506986287907705;Cervejas e Refrigerantes;Bebidas;Consumo não Cíclico;AMBEV;4,87;9,68;5,98;-0,89;-0,67;-0,18;8,04;6,02;0,56;0,88;1,2;50,98;23,92;31,92;16,92;1,2;-1,68;25,15;8,93;6,69;12,62;2,14;1,79;-1,67;0,67;0,33;9,47;14,21;16,38;6,23;3;False
AZZA3;0,5122942634646737;0,5011529280956464;0,5061665290117087;Tecidos. Vestuário e Calçados;Comércio;Consumo Cíclico;AZZAS 2154;30,06;25,99;3,6;2,26;1,6;0,22;10,79;7,66;0,43;2,57;1,78;41,19;11,72;16,51;8,29;0,43;-0,77;2,21;8,53;6,06;12,06;1,0;0,81;0,32;0,53;0,47;3,56;6,75;6,81;38,09;3;False
MDNE3;0,5095288749863393;0,5022573239186713;0,5055295218991219;Incorporações;Construção Civil;Consumo Cíclico;MOURA DUBEUX ENGENHARIA S/A;0,0;26,18;5,18;0,27;0,25;0,04;4,66;4,47;0,37;2,83;2,71;34,44;16,33;17,01;16,17;0,27;-0,5;0,91;4,39;4,21;4,43;0,72;0,69;0,05;0,39;0,61;6,03;15,46;10,0;18,3;3;False
BGIP3;0,4752726652429047;0,5291940990132157;0,5049294538165757;Bancos;Intermediários Financeiros;Financeiro e Outros;BANCO BANESE;18,7;13,8;16,21;0,0;0,0;0,0;2,29;0,0;0,12;7,55;0,8;39,62;17,0;0,0;11,8;0,05;-0,1;-0,38;2,32;0,0;3,34;0,39;0,69;0,02;0,07;0,93;1,45;20,62;0,0;36,61;3;False
FESA3;0,5392378389389123;0,4765175027193067;0,5047416540181292;Siderurgia;Siderurgia e Metalurgia;Materiais Básicos;FERBASA;-3,66;12,01;3,71;-3,21;-1,45;-0,16;17,2;7,79;0,5;0,73;3,24;16,15;7,54;16,66;11,8;1,05;-1,8;3,64;27,83;12,6;17,78;2,1;1,36;-0,38;0,77;0,22;5,9;7,63;3,89;9,51;3;False
VBBR3;0,4692559032705093;0,5295342248590462;0,5024089801442047;Exploração. Refino e Distribuição;Petróleo. Gás e Biocombustíveis;Petróleo. Gás e Biocombustíveis;VIBRA ENERGIA S.A.;23,45;10,76;8,91;0,73;0,7;0,46;2,26;2,16;3,61;8,18;2,5;5,06;7,55;7,87;5,33;0,42;-0,86;1,34;1,52;1,46;2,16;0,11;0,97;0,01;0,43;0,57;19,26;44,82;27,06;18,25;3;False
ECOR3;0,5363994307189635;0,4704105284911169;0,5001055344936478;Exploração de Rodovias;Transporte;Bens Industriais;ECORODOVIAS;18,62;22,79;3,7;4,56;3,57;4,05;5,66;4,43;0,34;1,26;0,83;39,8;34,31;43,83;9,03;0,13;-0,16;-3,24;1,09;0,86;4,16;0,38;0,97;0,07;0,13;0,87;3,06;23,39;10,71;5,4;3;False
JALL3;0,565177270349142;0,4425615731464732;0,49773863688767417;Açucar e Alcool;Alimentos Processados;Consumo não Cíclico;JALLES MACHADO S.A.;0,0;20,16;1,52;4,46;0,0;1,42;6,49;0,0;0,33;-0,11;2,88;38,39;30,26;0,0;-1,59;0,2;-0,29;0,97;2,04;0,0;-38,87;0,62;0,65;0,15;0,31;0,69;-0,52;-1,67;8,83;6,84;3;False
DIRR3;0,49542421846618706;0,4967519163701582;0,4961544523133712;Incorporações;Construção Civil;Consumo Cíclico;DIRECIONAL ENGENHARIA;0,0;15,1;10,28;0,36;0,33;0,11;9,61;8,69;0,32;3,21;3,38;35,49;19,87;21,97;18,19;0,59;-1,08;1,84;9,25;8,36;10,1;1,84;2,73;0,13;0,22;0,76;5,85;27,03;13,63;11,86;3;False
CEBR5;0,4762024593716364;0,512415484992608;0,49611962346317084;Energia Elétrica;Energia Elétrica;Utilidade Pública;CEB;13,87;-32,89;9,4;-3,18;0,0;-0,63;2,68;0,0;0,24;2,39;7,93;54,83;60,99;0,0;49,33;0,81;-1,7;1,78;5,63;0,0;6,96;3,43;1,11;-0,6;0,73;0,1;11,67;16,02;12,08;14,92;5;False
EVEN3;0,4905116186013797;0,4990201528437332;0,4951913124346742;Incorporações;Construção Civil;Consumo Cíclico;EVEN CONSTRUTORA E INCORPORADORA;0,0;15,06;14,8;1,79;1,77;0,25;6,49;6,43;0,55;0,57;3,82;25,48;8,98;9,06;3,92;0,23;-1,23;0,38;4,7;4,66;10,77;0,42;0,66;-0,37;0,35;0,61;2,14;6,09;7,19;9,3;3;False
UNIP5;0,5287056884843374;0,4677186093416672;0,4951627949558688;Químicos Diversos;Químicos;Materiais Básicos;UNIPAR CARBOCLORO;-4,32;7,14;10,83;1,58;0,81;0,17;19,59;9,98;0,59;3,74;2,26;25,94;6,82;13,39;9,54;0,73;-1,4;2,74;18,31;9,33;13,09;1,25;2,01;-0,29;0,36;0,63;5,58;15,33;4,39;24,41;5;False
CMIG3;0,48662698799252;0,5017424488489582;0,49494049146356106;Energia Elétrica;Energia Elétrica;Utilidade Pública;CEMIG;31,19;10,6;9,09;0,72;0,64;0,27;4,2;3,72;0,61;2,31;1,04;21,82;27,02;30,55;17,12;0,71;-0,96;66,26;4,3;3,81;6,79;1,16;1,6;-6,17;0,45;0,55;10,49;23,55;19,5;9,81;3;False
CEBR3;0,4742812963187711;0,5115466293565896;0,49477722948957126;Energia Elétrica;Energia Elétrica;Utilidade Pública;CEB;13,87;-32,89;9,19;-3,18;0,0;-0,63;2,68;0,0;0,24;2,39;7,93;54,83;60,99;0,0;49,33;0,83;-1,74;1,82;5,76;0,0;7,11;3,51;1,14;-0,61;0,73;0,1;11,67;16,02;12,08;14,92;3;False
CEBR6;0,4734532646632137;0,512215084333644;0,4947722654819504;Energia Elétrica;Energia Elétrica;Utilidade Pública;CEB;13,87;-32,89;9,75;-3,18;0,0;-0,63;2,68;0,0;0,24;2,39;7,93;54,83;60,99;0,0;49,33;0,86;-1,8;1,88;5,97;0,0;7,37;3,64;1,18;-0,64;0,73;0,1;11,67;16,02;12,08;14,92;6;False
LEVE3;0,49706935599820923;0,49204792809985953;0,4943075706541169;Automóveis e Motocicletas;Automóveis e Motocicletas;Consumo Cíclico;MAHLE-METAL LEVE;14,93;10,86;8,44;0,63;0,56;0,47;5,18;4,62;1,3;4,32;2,16;29,73;19,6;21,97;13,74;1,16;-3,26;3,35;4,55;4,06;6,49;0,89;3,42;-0,35;0,34;0,66;17,87;52,72;37,4;8,18;3;False
SMFT3;0,49566957645043125;0,4927619343499676;0,4940703732951763;Atividades Esportivas;Viagens e Lazer;Consumo Cíclico;SMARTFIT ESCOLA DE GINÁSTICA E DANÇA S.A.;20,83;29,62;2,71;1,96;0,9;0,42;12,08;5,52;0,32;1,54;1,75;41,03;21,78;47,67;17,51;0,7;-0,92;6,71;10,12;4,62;12,59;2,2;2,17;0,13;0,32;0,68;5,53;17,22;6,26;8,97;3;False
ABCB4;0,46793794952520573;0,5141287339602783;0,49334288096449563;Bancos;Intermediários Financeiros;Financeiro e Outros;BANCO ABC BRASIL;11,85;20,08;8,17;0,0;0,0;0,0;5,9;0,0;0,1;2,98;2,58;17,76;12,53;0,0;10,94;0,07;-0,08;1,51;5,9;0,0;6,75;0,74;0,77;-0,29;0,09;0,91;1,05;11,43;0,0;26,07;4;False
OPCT3;0,5260782766815677;0,46640994930118923;0,49326069662235955;Transporte Hidroviário;Transporte;Bens Industriais;OCEANPACT SERVICOS MARITIMOS S.A.;0,0;40,48;0,0;3,84;0,0;1,15;8,11;0,0;0,64;0,14;1,33;26,07;15,43;0,0;1,58;0,42;-0,61;5,51;4,27;0,0;41,81;0,66;1,28;-0,63;0,33;0,67;1,0;3,06;9,28;4,44;3;False
ROMI3;0,5397057652251056;0,45441461319737375;0,4927956316098531;Máq. e Equip. Industriais;Máquinas e Equipamentos;Bens Industriais;INDÚSTRIAS ROMI;-2,56;9,77;8,71;4,38;2,85;0,4;12,08;7,85;0,48;1,22;2,07;29,12;9,23;14,2;9,33;0,34;-0,89;1,06;7,69;5,0;7,61;0,71;0,71;-0,25;0,48;0,52;4,47;9,27;5,1;13,19;3;False
PLPL3;0,4922811267281158;0,49240870074231907;0,4923512924359277;Incorporações;Construção Civil;Consumo Cíclico;PLANO & PLANO DESENVOLVIMENTO IMOBILIÁRIO S.A.;0,0;0,0;9,09;-0,24;-0,24;-0,12;5,0;4,95;1,04;1,66;4,42;33,02;16,84;17,03;13,27;0,91;-6,87;1,36;5,24;5,19;6,65;0,88;2,68;0,17;0,34;0,63;13,74;40,32;27,42;4,13;3;False
BPAC3;0,46903542577931034;0,5106232332816482;0,49190871990559615;Bancos;Intermediários Financeiros;Financeiro e Outros;BTG;53,55;26,97;1,72;0,0;0,0;0,0;9,81;0,0;0,05;0,95;0,01;58,69;41,21;0,0;34,95;0,31;-0,32;-0,42;14,91;0,0;17,58;6,15;3,27;0,73;0,1;0,89;1,78;18,58;0,0;5,11;3;False
ELMD3;0,45446687198497765;0,5207398954667025;0,49091703489992633;Publicidade;Mídia;Comunicações;ELETROMIDIA S.A.;68,77;34,34;0,07;1,46;1,03;0,47;15,49;10,9;0,46;0,85;1,75;33,02;26,28;37,35;10,51;1,71;-2,43;13,52;14,02;9,87;35,07;3,69;4,53;0,34;0,38;0,54;4,88;12,92;14,45;6,58;3;False
HAGA4;0,5361523518756426;0,4535361725661964;0,49071345325544724;Produtos para Construção;Construção e Engenharia;Bens Industriais;HAGA S/A;-6,57;4,66;0,0;-20,4;0,0;0,0;-5,41;0,0;0,44;0,36;2,34;26,58;4,07;0,0;14,5;0,21;-1,82;0,41;11,49;0,0;3,22;0,47;-0,27;-0,08;-0,78;1,78;6,44;-8,28;2,28;-4,31;4;False
CCRO3;0,5315527828528583;0,4562841010784471;0,4901550078769322;Exploração de Rodovias;Transporte;Bens Industriais;CCR;-2,79;15,52;3,54;5,0;0,0;1,94;9,39;0,0;0,37;0,62;1,7;33,68;24,92;0,0;5,73;0,4;-0,49;5,53;4,39;0,0;19,07;1,09;1,7;-0,71;0,24;0,76;2,11;8,92;9,2;6,93;3;False
PDGR3;0,48841099059991727;0,4914505828408721;0,49008276633244247;Incorporações;Construção Civil;Consumo Cíclico;PDG REALTY;0,0;-15,54;0,0;-0,35;-0,35;0,0;-0,38;-0,38;0,21;0,73;0,32;-9,46;-511,59;-511,06;1116,06;0,03;-0,08;-0,03;-0,03;-0,03;0,01;0,15;-0,01;0,0;-6,0;7,14;236,77;-39,48;20,76;-1,86;3;False
UNIP6;0,5223384986759243;0,463179425261571;0,48980100829802997;Químicos Diversos;Químicos;Materiais Básicos;UNIPAR CARBOCLORO;-4,32;7,14;8,73;1,58;0,81;0,17;19,59;9,98;0,59;3,74;2,26;25,94;6,82;13,39;9,54;0,72;-1,39;2,71;18,08;9,21;12,93;1,23;1,98;-0,28;0,36;0,63;5,58;15,33;4,39;24,41;6;False
PORT3;0,5309317953244328;0,4559656098841096;0,4897003933322551;Serviços de Apoio e Armazenagem;Transporte;Bens Industriais;WILSON SONS;24,86;7,67;5,56;2,8;2,08;0,9;11,61;8,63;0,44;1,08;1,02;46,73;30,63;41,21;17,37;1,19;-1,42;396,24;8,8;6,54;15,53;2,7;2,84;0,77;0,42;0,58;7,67;18,27;11,63;5,92;3;False
SBSP3;0,4850828750849041;0,4931176177450801;0,4895019835480009;Água e Saneamento;Água e Saneamento;Utilidade Pública;SABESP;26,9;9,72;1,46;1,27;1,07;0,53;5,52;4,67;0,47;13,65;1,14;54,82;44,73;52,9;26,23;0,89;-1,0;67,91;4,25;3,6;7,25;1,9;1,78;0,03;0,5;0,5;12,26;24,61;18,69;55,46;3;False
ITSA4;0,47660690049883525;0,49992418584549764;0,4894314074394996;Bancos;Intermediários Financeiros;Financeiro e Outros;ITAUSA;8,27;6,55;10,73;0,27;0,25;0,05;6,72;6,19;0,07;1,29;2,61;30,14;188,74;204,87;172,93;0,87;-0,99;11,71;6,38;5,87;6,96;12,03;1,13;4,11;0,77;0,19;12,55;16,24;14,52;7,97;4;False
NGRD3;0,5020427035105525;0,47805254095160077;0,48884811410312906;Programas e Serviços;Programas e Serviços;Tecnologia da Informação;NEOGRID;0,0;8,67;0,66;15,45;-7,48;-0,31;-5,92;2,87;0,43;-1,31;2,29;61,03;-3,26;6,73;-4,42;0,3;-0,48;1,43;-21,36;10,34;-15,73;0,7;0,43;0,07;0,69;0,31;-1,9;-2,75;-4,67;47,88;3;False
UNIP3;0,5206408738883107;0,4617815345452041;0,4882682372496021;Químicos Diversos;Químicos;Materiais Básicos;UNIPAR CARBOCLORO;-4,32;7,14;8,02;1,58;0,81;0,17;19,59;9,98;0,59;3,74;2,26;25,94;6,82;13,39;9,54;0,71;-1,37;2,67;17,88;9,11;12,78;1,22;1,96;-0,28;0,36;0,63;5,58;15,33;4,39;24,41;3;False
BMEB4;0,46074805166445815;0,5105022502660099;0,4881128608953117;Bancos;Intermediários Financeiros;Financeiro e Outros;BANCO MERCANTIL DO BRASIL;35,76;21,54;5,72;0,0;0,0;0,0;6,59;0,0;0,23;4,87;0,0;52,91;9,73;0,0;8,63;0,16;-0,19;1,03;7,01;0,0;7,9;0,68;2,13;0,27;0,07;0,93;2,0;26,95;0,0;18,07;4;False
ITSA3;0,4747175158901044;0,49868711151628137;0,48790079348450177;Bancos;Intermediários Financeiros;Financeiro e Outros;ITAUSA;8,27;6,55;10,42;0,27;0,25;0,05;6,72;6,19;0,07;1,29;2,61;30,14;188,74;204,87;172,93;0,9;-1,02;12,06;6,57;6,05;7,17;12,4;1,16;4,23;0,77;0,19;12,55;16,24;14,52;7,97;3;False
USIM5;0,5416243973352421;0,44392026578493116;0,48788712498257114;Siderurgia;Siderurgia e Metalurgia;Materiais Básicos;USIMINAS;0,0;11,59;4,74;1,63;0,47;0,03;16,51;4,78;0,65;-0,12;3,64;6,42;1,93;6,67;-0,56;0,19;-0,33;0,59;14,97;4,34;-51,26;0,29;0,28;0,46;0,67;0,33;-0,37;-0,55;1,2;21,29;5;False
PGMN3;0,5043002003753679;0,47428882628563757;0,4877939446260162;Medicamentos e Outros Produtos;Comércio e Distribuição;Saúde;EMPREENDIMENTOS PAGUE MENOS S.A.;12,12;12,4;8,32;2,29;1,22;0,49;5,43;2,89;1,41;0,28;1,38;31,68;4,64;8,73;1,35;0,2;-0,41;1,5;3,13;1,67;10,74;0,15;0,66;-0,06;0,31;0,69;1,91;6,19;12,11;4,58;3;False
BRST3;0,4462191388809414;0,5207619900039372;0,48721770699858913;Telecomunicações;Telecomunicações;Comunicações;BRISANET PARTICIPAÇÕES S.A.;35,66;41,71;4,45;5,03;1,74;0,66;11,19;3,87;0,34;0,26;1,54;42,4;14,96;43,22;8,46;0,31;-0,44;3,11;6,15;2,13;10,88;0,92;0,81;-0,92;0,38;0,62;2,86;7,44;5,76;3,56;3;False
EQPA3;0,49005462051876286;0,48487262582746354;0,48720452343854825;Energia Elétrica;Energia Elétrica;Utilidade Pública;EQUATORIAL PARA DISTRIBUIDORA DE ENERGIA S.A.;35,42;13,58;0,0;1,08;0,93;0,68;5,65;4,89;0,7;0,94;1,19;32,35;25,13;29,03;19,33;0,8;-1,21;15,23;4,57;3,96;5,94;1,15;2,87;-3,5;0,28;0,72;13,54;48,25;26,14;1,95;3;False
USIM3;0,5403185554108435;0,4430534774637633;0,4868227625399494;Siderurgia;Siderurgia e Metalurgia;Materiais Básicos;USIMINAS;0,0;11,59;4,36;1,63;0,47;0,03;16,51;4,78;0,65;-0,12;3,64;6,42;1,93;6,67;-0,56;0,19;-0,33;0,58;14,8;4,28;-50,66;0,29;0,28;0,46;0,67;0,33;-0,37;-0,55;1,2;21,29;3;False
POSI3;0,4892471946624644;0,48466945971021713;0,48672944043872846;Computadores e Equipamentos;Computadores e Equipamentos;Tecnologia da Informação;POSITIVO;0,0;15,01;7,77;1,64;1,43;0,47;3,26;2,85;1,0;1,83;2,38;25,18;11,09;12,69;6,12;0,18;-0,57;0,45;1,62;1,42;2,93;0,18;0,46;0,08;0,39;0,61;6,1;15,75;16,34;11,64;3;False
PSSA3;0,4643394738429433;0,5025787086797399;0,48537105300318145;Seguradoras;Previdência e Seguros;Financeiro e Outros;PORTO SEGURO;13,91;14,28;3,96;-3,1;-2,76;-0,68;5,03;4,48;0,74;4,09;1,15;100,0;8,79;9,87;7,5;0,53;-1,17;7,38;8,13;7,25;9,53;0,72;1,78;0,57;0,3;0,7;5,52;18,7;13,05;21,88;3;False
RANI3;0,5190329874381329;0,4575426963682346;0,48521332734968886;Embalagens;Embalagens;Materiais Básicos;Irani Papel e Embalagem S.A.;0,0;12,61;7,31;3,86;2,38;0,79;10,04;6,19;0,44;0,52;2,49;37,18;17,62;28,61;7,9;0,48;-0,72;2,35;6,18;3,81;13,79;1,09;1,27;-0,19;0,38;0,62;3,46;9,18;7,84;5,7;3;False
ISAE4;0,4664343603426914;0,500345883119589;0,4850856978699851;Energia Elétrica;Energia Elétrica;Utilidade Pública;ISA ENERGIA BRASIL;11,95;14,31;6,67;1,84;1,86;0,45;5,43;5,5;0,18;5,02;2,98;50,06;68,92;67,98;46,37;0,38;-0,46;3,54;3,16;3,2;4,7;2,18;0,77;0,12;0,5;0,5;8,14;16,35;13,36;30,7;4;False
UCAS3;0,48331936612590953;0,48608656537791;0,48484132571450983;Móveis;Utilidades Domésticas;Consumo Cíclico;UNICASA;30,27;7,8;12,88;12,22;3,44;0,27;33,86;9,54;0,59;0,19;1,46;38,53;1,95;6,92;5,76;0,25;-0,35;2,73;21,64;6,1;7,32;0,42;0,47;-1,12;0,53;0,47;3,43;6,46;0,77;2,98;3;False
WEGE3;0,5294936951159976;0,4424552247224892;0,48162253639956804;Motores . Compressores e Outros;Máquinas e Equipamentos;Bens Industriais;WEG;35,41;22,11;1,44;-0,43;-0,39;-0,16;30,22;27,42;0,98;1,45;1,78;25,74;20,18;22,24;17,06;6,08;-17,59;21,2;30,65;27,81;36,26;6,18;11,2;2,06;0,54;0,44;16,78;30,89;25,75;4,7;3;False
BRFS3;0,5170309770960418;0,45246344660274174;0,48151883532472683;Carnes e Derivados;Alimentos Processados;Consumo não Cíclico;BRF;0,0;12,17;3,71;1,48;1,11;0,53;6,9;5,19;0,96;1,94;1,45;24,99;10,12;13,45;5,61;0,53;-0,99;3,65;5,42;4,08;9,78;0,55;1,93;-0,05;0,27;0,71;5,4;19,77;14,0;9,82;3;False
ARML3;0,5229802162920595;0,44368704597002023;0,47936897261493794;Máq. e Equip. Industriais;Máquinas e Equipamentos;Bens Industriais;ARMAC LOCAÇÃO. LOGÍSTICA E SERVIÇOS S.A.;0,0;0,0;7,24;3,23;2,45;1,37;6,01;4,56;0,33;0,6;1,76;42,52;32,38;42,67;12,19;0,3;-0,46;1,97;2,78;2,11;7,38;0,9;1,18;0,33;0,25;0,75;4,04;15,98;11,79;3,72;3;False
CASH3;0,48386697090032793;0,4728762721761267;0,4778220866020173;Programas e Serviços;Programas e Serviços;Tecnologia da Informação;MÉLIUZ S.A.;0,0;48,96;0,0;3,0;0,0;-0,74;-0,69;0,0;0,73;-0,36;3,49;-23,24;-23,24;0,0;-9,01;0,63;-1,75;1,38;-3,69;0,0;-9,52;0,86;0,91;0,48;0,69;0,31;-6,62;-9,61;-26,48;3,72;3;False
TRIS3;0,47305260791999476;0,48020044030977715;0,47698391573437504;Incorporações;Construção Civil;Consumo Cíclico;TRISUL;14,8;13,93;3,38;3,06;3,25;0,38;9,15;9,72;0,44;0,77;3,86;25,6;14,8;13,93;11,84;0,4;-1,68;0,7;6,09;6,47;7,61;0,9;0,76;0,22;0,52;0,47;5,19;10,0;7,05;7,69;3;False
LWSA3;0,48595976268765473;0,46956618631224123;0,4769432956811773;Programas e Serviços;Programas e Serviços;Tecnologia da Informação;LOCAWEB SERVIÇOS DE INTERNET S.A.;4,67;32,63;2,45;-3,39;-1,61;-0,14;10,97;5,22;0,34;0,02;1,25;48,19;8,49;17,87;1,01;0,41;-0,62;6,15;14,37;6,83;120,6;1,22;0,59;-0,47;0,7;0,3;0,34;0,49;3,51;4,98;3;False
CYRE3;0,4754467735296583;0,47740960940115107;0,47652633325897936;Incorporações;Construção Civil;Consumo Cíclico;CYRELA;0,0;14,72;2,68;1,44;1,84;0,27;6,55;8,34;0,37;3,65;3,45;32,86;23,41;18,37;19,53;0,44;-1,01;1,09;5,1;6,5;6,12;1,19;0,96;0,11;0,46;0,5;7,15;15,65;9,82;23,29;3;False
PETR4;0,41148192245414944;0,5294207186321497;0,4763482603520496;Exploração. Refino e Distribuição;Petróleo. Gás e Biocombustíveis;Petróleo. Gás e Biocombustíveis;PETROBRAS;26,86;10,54;20,61;1,49;1,06;0,62;4,7;3,33;0,47;6,57;0,94;51,79;32,48;45,89;16,81;0,46;-0,54;-42,8;3,02;2,14;5,84;0,98;1,25;-0,15;0,37;0,63;7,86;21,44;18,31;30,65;4;False
RENT3;0,4742318707022794;0,4769898627984513;0,475748766355174;Aluguel de carros;Diversos;Consumo Cíclico;LOCALIZA;20,59;29,63;5,47;5,67;2,76;1,23;11,3;5,5;0,43;1,55;1,1;23,69;15,79;32,47;4,76;0,38;-0,5;18,12;5,63;2,74;18,67;0,89;1,22;2,12;0,31;0,69;2,04;6,56;8,1;23,68;3;False
CEAB3;0,4804589511344478;0,47091451056427397;0,4752095088208522;Tecidos. Vestuário e Calçados;Comércio;Consumo Cíclico;CEA MODAS;16,1;5,4;3,52;0,37;0,25;0,09;4,33;2,95;0,84;1,19;1,27;54,16;10,33;15,17;4,96;0,34;-0,64;3,42;3,96;2,7;8,24;0,41;0,95;0,01;0,36;0,64;4,17;11,51;14,66;10,32;3;False
PTNT4;0,475334787877322;0,4727401435363322;0,4739077334897776;Fios e Tecidos;Tecidos. Vestuário e Calçados;Consumo Cíclico;PETTENATI;8,54;6,38;3,66;2,22;0,0;0,2;10,99;0,0;0,91;0,76;2,29;15,14;5,5;0,0;4,58;0,41;-0,81;1,44;8,08;0,0;9,71;0,44;0,74;-0,25;0,55;0,45;4,17;7,6;5,43;10,02;4;False
TASA4;0,5091725539381434;0,44505317708108566;0,47390689666676167;Armas e Munições;Máquinas e Equipamentos;Bens Industriais;TAURUS ARMAS;0,0;16,08;3,79;2,89;2,3;0,38;9,31;7,43;0,7;0,62;1,51;32,74;9,68;12,14;4,8;0,44;-0,97;2,34;6,4;5,1;12,89;0,62;0,85;-0,2;0,52;0,48;3,38;6,56;8,53;9,46;4;False
ISAE3;0,44958546829283186;0,49353444970557175;0,4737574080698388;Energia Elétrica;Energia Elétrica;Utilidade Pública;ISA ENERGIA BRASIL;11,95;14,31;4,96;1,84;1,86;0,45;5,43;5,5;0,18;5,02;2,98;50,06;68,92;67,98;46,37;0,51;-0,61;4,76;4,25;4,31;6,32;2,93;1,03;0,16;0,5;0,5;8,14;16,35;13,36;30,7;3;False
TASA3;0,5087261101801994;0,44483979827595715;0,4735886386328662;Armas e Munições;Máquinas e Equipamentos;Bens Industriais;TAURUS ARMAS;0,0;16,08;3,74;2,89;2,3;0,38;9,31;7,43;0,7;0,62;1,51;32,74;9,68;12,14;4,8;0,44;-0,99;2,37;6,48;5,17;13,06;0,63;0,86;-0,2;0,52;0,48;3,38;6,56;8,53;9,46;3;False
EMBR3;0,5096847619996603;0,4435064072795614;0,47328666690360593;Material Aeronáutico e de Defesa;Material de Transporte;Bens Industriais;EMBRAER;0,0;6,88;0,0;1,96;0,0;0,34;15,39;0,0;0,49;3,51;1,56;17,54;10,36;0,0;8,27;0,69;-1,54;3,45;13,43;0,0;16,81;1,39;2,35;0,0;0,29;0,71;4,09;13,96;9,13;25,13;3;False
LREN3;0,47261351190143225;0,47092309224560647;0,47168378109072806;Tecidos. Vestuário e Calçados;Comércio;Consumo Cíclico;LOJAS RENNER;2,38;8,53;5,51;-1,4;-0,72;-0,17;8,12;4,19;0,69;1,17;1,61;60,63;9,25;17,91;8,77;0,61;-1,54;2,66;9,52;4,92;10,04;0,88;1,15;0,31;0,53;0,47;6,07;11,48;7,98;10,17;3;False
CSMG3;0,4397930022628636;0,4962038480469299;0,4708189674441001;Água e Saneamento;Água e Saneamento;Utilidade Pública;COPASA;19,33;9,34;11,95;2,48;1,79;0,64;6,8;4,9;0,51;3,68;1,73;43,42;25,98;36,03;17,8;0,57;-0,69;7,98;4,32;3,11;6,3;1,12;1,12;0,75;0,51;0,49;9,12;17,8;11,65;20,69;3;False
RCSL4;0,49602055396120415;0,4494686815543962;0,4704170241374598;Material Rodoviário;Material de Transporte;Bens Industriais;RECRUSUL;0,0;66,3;0,0;0,0;0,0;0,0;-5,08;-5,78;0,62;-0,4;0,78;10,07;-34,12;-29,98;-41,23;0,49;-0,74;-5,28;-2,33;-2,65;-1,92;0,79;-2,51;0,21;-0,2;1,2;-25,49;-130,67;108,06;-0,3;4;False
PTNT3;0,47050945823354734;0,4687527667647812;0,469543277925726;Fios e Tecidos;Tecidos. Vestuário e Calçados;Consumo Cíclico;PETTENATI;8,54;6,38;2,92;2,22;0,0;0,2;10,99;0,0;0,91;0,76;2,29;15,14;5,5;0,0;4,58;0,51;-1,02;1,8;10,13;0,0;12,17;0,56;0,93;-0,32;0,55;0,45;4,17;7,6;5,43;10,02;3;False
LOGG3;0,43480198422109617;0,49683769123969745;0,4689216230813269;Exploração de Imóveis;Exploração de Imóveis;Financeiro e Outros;LOG COMMERCIAL PROPERTIES;30,65;11,41;9,11;3,77;3,72;0,51;7,17;7,06;0,03;3,91;1,45;97,57;222,05;225,3;156,27;0,24;-0,3;4,35;3,4;3,35;4,83;7,54;0,46;0,06;0,53;0,47;5,07;9,52;7,68;41,04;3;False
PETR3;0,3956044283275411;0,5230092549348595;0,46567708296156624;Exploração. Refino e Distribuição;Petróleo. Gás e Biocombustíveis;Petróleo. Gás e Biocombustíveis;PETROBRAS;26,86;10,54;18,46;1,49;1,06;0,62;4,7;3,33;0,47;6,57;0,94;51,79;32,48;45,89;16,81;0,51;-0,6;-47,31;3,34;2,37;6,46;1,09;1,38;-0,17;0,37;0,63;7,86;21,44;18,31;30,65;3;False
CSED3;0,46549190187082884;0,46400541907393844;0,46467433633253913;Serviços Educacionais;Diversos;Consumo Cíclico;CRUZEIRO DO SUL EDUCACIONAL S.A.;6,44;12,85;4,47;0,77;0,59;0,24;3,6;2,79;0,52;0,44;1,01;48,92;18,88;24,37;6,43;0,28;-0,36;146,47;2,84;2,2;8,33;0,54;0,91;0,08;0,31;0,69;3,34;10,88;18,33;4,06;3;False
VITT3;0,48652830724759805;0,4443132922909853;0,4633100490214611;Fertilizantes e Defensivos;Químicos;Materiais Básicos;VITTIA FERTILIZANTES E BIOLOGICOS S.A.;0,0;0,0;3,45;1,88;1,46;0,23;13,06;10,13;0,86;0,47;2,81;33,24;9,49;12,23;9,08;0,91;-2,31;2,32;11,18;8,67;11,67;1,06;1,34;-0,34;0,68;0,32;7,79;11,5;8,66;4,07;3;False
REDE3;0,4394995635657653;0,4791959706727618;0,4613325874746135;Energia Elétrica;Energia Elétrica;Utilidade Pública;REDE ENERGIA;31,34;9,88;8,72;2,94;2,42;2,81;6,55;5,38;0,58;0,74;1,09;29,27;22,55;27,45;9,0;0,47;-0,65;20,55;3,61;2,96;9,04;0,81;3,44;1,22;0,14;0,79;5,23;38,01;15,93;1,95;3;False
BEES3;0,42190998283032904;0,493068353291159;0,4610470865837855;Bancos;Intermediários Financeiros;Financeiro e Outros;BANCO BANESTES;19,8;18,84;8,18;0,0;0,0;0,0;4,89;0,0;0,13;1,2;0,0;30,78;11,08;0,0;7,91;0,07;-0,09;0,27;4,84;0,0;6,78;0,54;1,13;0,66;0,06;0,94;1,01;16,68;0,0;7,2;3;False
PFRM3;0,4524060018402998;0,46691803272332366;0,4603876188259629;Medicamentos e Outros Produtos;Comércio e Distribuição;Saúde;PROFARMA;0,0;15,19;8,53;1,69;1,38;0,32;4,48;3,65;1,83;0,87;1,41;15,4;3,25;3,98;1,15;0,17;-0,57;0,81;2,79;2,28;7,88;0,09;0,52;0,06;0,32;0,68;2,1;6,63;12,36;13,09;3;False
IGTI3;0,41996750704791996;0,4912870810844003;0,45919327276798416;Exploração de Imóveis;Exploração de Imóveis;Financeiro e Outros;JEREISSATI;24,08;10,36;5,12;2,45;1,84;0,38;10,16;7,65;0,14;0,31;2,76;66,53;55,62;73,8;31,62;0,33;-0,45;1,97;4,26;3,21;7,49;2,37;0,66;0,21;0,51;0,49;4,45;8,78;7,75;3,57;3;False
SLCE3;0,46903207829926097;0,45091004905146786;0,45906496221297477;Agricultura;Agropecuária;Consumo não Cíclico;SLC AGRICOLA;1,05;26,43;4,53;3,63;2,94;0,84;10,7;8,68;0,45;0,91;1,71;24,76;15,06;18,56;5,26;0,48;-0,92;2,47;7,07;5,74;20,24;1,07;1,64;-0,31;0,3;0,69;2,39;8,1;9,83;11,18;3;False
AZEV3;0,47481713527557795;0,44405041682806845;0,4578954401294477;Construção Pesada;Construção e Engenharia;Bens Industriais;AZEVEDO E TRAVASSOS;0,0;54,36;0,0;-0,37;-0,45;0,26;-3,27;-4,03;0,24;-0,26;0,51;6,77;-107,84;-87,62;-81,56;0,71;-0,9;-3,45;-2,69;-3,32;-3,56;2,91;1,93;-0,01;0,37;0,63;-19,9;-54,09;-85,49;0,48;3;False
CRPG6;0,48824398700575344;0,43253543478814;0,45760428328606606;Químicos Diversos;Químicos;Materiais Básicos;TRONOX PIGMENTOS DO BRASIL S.A.;0,0;-1,98;1,46;0,89;0,0;-0,09;-12,71;0,0;1,02;-3,77;5,52;0,29;-7,15;0,0;-18,17;0,93;-2,64;1,76;-12,85;0,0;-5,06;0,92;1,29;0,02;0,72;0,28;-18,46;-25,52;-28,99;14,77;6;False
CRPG5;0,48741298534193117;0,43240227482909444;0,45715709455987097;Químicos Diversos;Químicos;Materiais Básicos;TRONOX PIGMENTOS DO BRASIL S.A.;0,0;-1,98;1,49;0,89;0,0;-0,09;-12,71;0,0;1,02;-3,77;5,52;0,29;-7,15;0,0;-18,17;0,95;-2,7;1,8;-13,13;0,0;-5,17;0,94;1,32;0,02;0,72;0,28;-18,46;-25,52;-28,99;14,77;5;False
RSID3;0,4623272439627055;0,4525284329265416;0,4569378978928154;Incorporações;Construção Civil;Consumo Cíclico;ROSSI RESIDENCIAL;0,0;-41,82;0,0;-1,34;-1,34;0,0;-1,57;-1,57;0,17;13,81;0,45;28,74;-311,91;-311,72;327,6;0,12;-0,24;-0,2;-0,23;-0,23;0,22;0,73;-0,06;0,0;-1,93;2,93;54,91;-28,42;100,59;-48,6;3;False
AZEV4;0,4737516992927273;0,44298734491257374;0,4568313043836429;Construção Pesada;Construção e Engenharia;Bens Industriais;AZEVEDO E TRAVASSOS;0,0;54,36;0,0;-0,37;-0,45;0,26;-3,27;-4,03;0,24;-0,26;0,51;6,77;-107,84;-87,62;-81,56;0,79;-1,01;-3,86;-3,01;-3,71;-3,98;3,25;2,16;-0,01;0,37;0,63;-19,9;-54,09;-85,49;0,48;4;False
JOPA4;0,4638589070295823;0,4504951996814006;0,45650886798808243;Alimentos Diversos;Alimentos Processados;Consumo não Cíclico;JOSAPAR;7,58;13,87;1,99;3,94;3,58;0,93;5,49;5,0;0,99;3,29;1,81;23,15;6,51;7,15;1,58;0,11;-0,41;0,35;1,78;1,62;7,3;0,12;0,42;0,02;0,27;0,65;1,57;5,76;5,77;57,06;4;False
RADL3;0,4622591150828982;0,449726993561684;0,4553664482462304;Medicamentos e Outros Produtos;Comércio e Distribuição;Saúde;RAIA DROGASIL;17,18;18,08;1,81;1,23;0,69;0,45;15,2;8,56;1,72;0,65;1,39;29,83;6,19;11,0;2,95;1,49;-3,6;9,08;13,97;7,87;29,38;0,87;5,18;10,25;0,29;0,71;5,06;17,62;21,3;3,67;3;False
CSNA3;0,4993262546062324;0,4183107796844175;0,4547677433992342;Siderurgia;Siderurgia e Metalurgia;Materiais Básicos;CSN;0,0;14,62;14,55;6,7;3,98;2,4;9,11;5,41;0,45;-1,04;1,34;26,53;10,98;18,52;-3,16;0,12;-0,19;1,31;2,41;1,43;-8,37;0,26;0,86;-0,15;0,14;0,84;-1,42;-10,28;7,06;10,12;3;False
BEES4;0,4148852167096941;0,48709271928940245;0,4545993431285337;Bancos;Intermediários Financeiros;Financeiro e Outros;BANCO BANESTES;19,8;18,84;5,73;0,0;0,0;0,0;4,89;0,0;0,13;1,2;0,0;30,78;11,08;0,0;7,91;0,07;-0,1;0,28;5,01;0,0;7,01;0,55;1,17;0,68;0,06;0,94;1,01;16,68;0,0;7,2;4;False
CPFE3;0,4239785144736349;0,47899901713058446;0,45423979093495714;Energia Elétrica;Energia Elétrica;Utilidade Pública;CPFL ENERGIA;21,67;7,15;7,86;2,32;1,91;1,15;6,12;5,02;0,55;4,76;1,11;33,61;25,83;31,46;13,31;0,53;-0,69;25,05;3,79;3,11;7,35;0,98;1,88;3,28;0,28;0,72;7,27;25,57;16,84;18,63;3;False
VIVA3;0,4459262633337543;0,4572216361180047;0,452138718365092;Acessórios;Tecidos. Vestuário e Calçados;Consumo Cíclico;VIVARA;0,0;0,0;1,95;-0,15;-0,12;-0,04;7,93;6,18;0,68;2,11;2,96;68,63;22,95;29,47;20,4;1,25;-3,34;3,04;8,08;6,29;9,09;1,85;1,98;0,3;0,63;0,37;13,8;21,82;21,58;9,66;3;False
ATMP3;0,49268709488439816;0,41767433374255997;0,4514300762563872;Serviços Diversos;Serviços;Bens Industriais;ATMA SA;0,0;-25,72;0,0;-1,48;3,89;0,48;-1,72;4,54;0,28;8,79;0,85;17,92;-33,72;12,79;65,56;0,02;-0,03;-0,5;-0,25;0,65;0,13;0,08;0,08;0,0;0,29;0,71;18,2;63,65;-19,72;13,81;3;False
HOOT4;0,42974537077687974;0,4680236117894981;0,4507984033338198;Hotelaria;Hoteis e Restaurantes;Consumo Cíclico;HOTEIS OTHON S.A.;0,0;13,48;0,0;-0,05;-0,05;0,0;0,05;0,05;0,29;5,15;0,35;63,73;120,49;125,14;64,76;0,08;-0,1;-0,33;0,24;0,23;0,44;0,28;-0,42;-0,02;-0,2;1,27;19,0;-96,3;-126,39;-5,35;4;False
PNVL3;0,44979905540168497;0,4512570952275445;0,4506009773059077;Medicamentos e Outros Produtos;Comércio e Distribuição;Saúde;DIMED;6,67;12,9;4,09;5,16;2,42;0,79;11,9;5,59;1,49;0,69;1,6;31,64;3,79;8,07;2,15;0,38;-0,94;1,71;6,73;3,16;11,88;0,26;1,03;0,67;0,37;0,63;3,2;8,66;7,8;7,95;3;False
ANIM3;0,43645933163981265;0,4604392329378585;0,4496482773537379;Serviços Educacionais;Diversos;Consumo Cíclico;ANIMA;0,0;27,63;21,92;5,47;3,22;1,73;6,68;3,94;0,38;-0,13;1,76;48,13;18,87;32,0;-1,34;0,09;-0,11;0,84;1,21;0,71;-17,0;0,23;0,38;0,38;0,23;0,72;-0,51;-2,24;8,59;5,64;3;False
DXCO3;0,4735928024184563;0,4260456335287611;0,44744185952912396;Madeira;Madeira e Papel;Materiais Básicos;DURATEX;-4,84;8,33;1,89;5,0;2,26;0,75;10,13;4,58;0,44;0,41;1,49;30,15;12,23;27,04;4,15;0,27;-0,39;2,83;5,13;2,32;15,13;0,63;0,77;-0,26;0,36;0,64;1,81;5,1;7,08;8,05;3;False
MATD3;0,4010856658828155;0,4848090649897062;0,4471335353916054;Serv.Méd.Hospit..Análises e Diagnósticos;Serv.Méd.Hospit..Análises e Diagnósticos;Saúde;HOSPITAL MATER DEI SA;0,0;28,41;1,95;-2,33;-3,66;0,47;-6,75;-10,59;0,52;-0,94;3,53;30,89;-13,16;-8,39;-14,24;0,3;-0,46;1,2;-4,42;-6,93;-4,08;0,58;0,88;0,01;0,34;0,66;-7,36;-21,63;-15,86;4,35;3;False
CPLE3;0,40853911434203893;0,4781379980673497;0,44681850039095994;Energia Elétrica;Energia Elétrica;Utilidade Pública;COPEL;17,13;7,54;4,17;2,0;0,0;0,34;8,75;0,0;0,39;1,04;1,45;16,34;19,49;0,0;13,97;0,49;-0,66;5,99;6,38;0,0;8,89;1,24;1,08;0,16;0,45;0,55;5,49;12,17;8,87;8,55;3;False
CPLE6;0,40324710900576965;0,47662329152362154;0,4436040093905882;Energia Elétrica;Energia Elétrica;Utilidade Pública;COPEL;17,13;7,54;4,16;2,0;0,0;0,34;8,75;0,0;0,39;1,04;1,45;16,34;19,49;0,0;13,97;0,54;-0,73;6,61;7,04;0,0;9,82;1,37;1,19;0,18;0,45;0,55;5,49;12,17;8,87;8,55;6;False
ALUP4;0,40784507835328127;0,4702954221347912;0,44219276743311176;Energia Elétrica;Energia Elétrica;Utilidade Pública;ALUPAR;20,85;11,95;5,03;3,23;3,16;1,09;6,56;6,41;0,13;1,05;1,89;74,61;72,56;74,3;26,53;0,3;-0,37;3,05;3,26;3,19;8,92;2,37;1,1;0,26;0,27;0,61;3,32;12,29;10,62;8,53;4;False
ITUB3;0,3933906601496651;0,4811953461168508;0,4416832374316173;Bancos;Intermediários Financeiros;Financeiro e Outros;BANCO ITAU UNIBANCO;8,67;11,68;9,87;0,0;0,0;0,0;6,36;5,6;0,12;4,19;0,0;40,48;14,18;16,1;12,25;0,1;-0,1;0,0;6,0;5,28;6,94;0,85;1,29;0,29;0,08;0,92;1,44;18,57;0,0;22,57;3;False
TCSA3;0,43744453866406785;0,4450884975925894;0,44164871607475475;Incorporações;Construção Civil;Consumo Cíclico;TECNISA;0,0;19,96;0,0;-4,59;-3,14;1,16;-5,61;-3,83;0,32;-2,06;1,68;-10,8;-24,1;-35,22;-32,8;0,08;-0,15;0,42;-1,02;-0,7;-0,75;0,25;0,26;0,0;0,3;0,7;-10,46;-34,5;-10,11;5,97;3;False
ALUP3;0,4058919232619157;0,46947141825475885;0,44086064550797943;Energia Elétrica;Energia Elétrica;Utilidade Pública;ALUPAR;20,85;11,95;4,86;3,23;3,16;1,09;6,56;6,41;0,13;1,05;1,89;74,61;72,56;74,3;26,53;0,31;-0,39;3,16;3,37;3,29;9,22;2,45;1,13;0,27;0,27;0,61;3,32;12,29;10,62;8,53;3;False
CPLE5;0,39809488903217444;0,4758155728601543;0,4408412651375634;Energia Elétrica;Energia Elétrica;Utilidade Pública;COPEL;17,13;7,54;4,59;2,0;0,0;0,34;8,75;0,0;0,39;1,04;1,45;16,34;19,49;0,0;13,97;0,6;-0,82;7,41;7,89;0,0;11,0;1,54;1,34;0,2;0,45;0,55;5,49;12,17;8,87;8,55;5;False
MULT3;0,39800489055750915;0,47557012904604473;0,44066577172620375;Exploração de Imóveis;Exploração de Imóveis;Financeiro e Outros;MULTIPLAN;23,27;14,28;4,69;2,48;2,29;0,75;9,17;8,49;0,2;2,58;1,43;83,36;67,18;72,62;52,69;0,91;-1,11;17,4;6,69;6,19;8,53;4,5;2,03;0,27;0,45;0,55;10,72;23,75;13,84;10,87;3;False
RCSL3;0,46374101292298814;0,4172511847786178;0,43817160744358447;Material Rodoviário;Material de Transporte;Bens Industriais;RECRUSUL;0,0;66,3;0,0;0,0;0,0;0,0;-5,08;-5,78;0,62;-0,4;0,78;10,07;-34,12;-29,98;-41,23;2,23;-3,34;-23,97;-10,55;-12,01;-8,73;3,6;-11,41;0,93;-0,2;1,2;-25,49;-130,67;108,06;-0,3;3;False
AURA3;0,45826311397807534;0,42018862681576774;0,43732214603880615;Minerais Metálicos;Mineração;Materiais Básicos; AURA MINERALS INC.;0,0;29,52;3,56;0,91;0,0;0,63;8,55;0,0;0,55;-1,27;1,13;38,7;30,45;0,0;-9,71;1,27;-1,96;32,34;7,64;0,0;-23,95;2,33;5,25;0,12;0,24;0,76;-5,29;-21,94;21,37;5,78;3;False
ITUB4;0,38730265759022126;0,4772556700448084;0,4367768144402442;Bancos;Intermediários Financeiros;Financeiro e Outros;BANCO ITAU UNIBANCO;8,67;11,68;8,79;0,0;0,0;0,0;6,36;5,6;0,12;4,19;0,0;40,48;14,18;16,1;12,25;0,11;-0,11;0,0;6,74;5,93;7,8;0,96;1,45;0,32;0,08;0,92;1,44;18,57;0,0;22,57;4;False
TPIS3;0,46211232371608224;0,4137078060235351;0,43548983898518134;Exploração de Rodovias;Transporte;Bens Industriais;TPI - TRIUNFO PARTICIP. E INVEST. S.A.;0,0;-2,92;5,34;10,11;4,85;1,4;11,56;5,54;0,47;1,68;0,45;32,87;10,12;21,11;5,69;0,07;-0,07;-0,84;1,45;0,7;2,58;0,15;0,2;-0,01;0,34;0,66;2,67;7,79;3,98;21,5;3;False
MOVI3;0,4277223141566388;0,4404217413992366;0,4347069991400676;Aluguel de carros;Diversos;Consumo Cíclico;MOVIDA;0,0;32,43;3,99;8,49;0,0;5,6;9,28;0,0;0,45;-1,16;0,98;25,2;13,79;0,0;-3,29;0,05;-0,07;-9,63;0,79;0,0;-3,33;0,11;0,52;0,0;0,09;0,91;-1,47;-15,76;7,76;7,34;3;False
SAPR4;0,39091380048499813;0,47021440047201285;0,43452913047785624;Água e Saneamento;Água e Saneamento;Utilidade Pública;SANEPAR;10,9;8,62;5,83;2,09;1,7;0,49;5,59;4,55;0,34;0,99;1,71;58,29;34,9;42,89;22,12;0,42;-0,49;6,27;3,47;2,82;5,47;1,21;0,8;10,45;0,52;0,48;7,59;14,71;10,96;6,74;4;False
EGIE3;0,4039018528593934;0,45947524098560233;0,43446721632880836;Energia Elétrica;Energia Elétrica;Utilidade Pública;ENGIE BRASIL;12,48;2,73;7,35;2,6;2,29;1,6;6,52;5,75;0,21;5,1;0,99;55,23;70,99;80,53;39,01;0,59;-0,69;-396,94;3,92;3,45;7,12;2,78;2,41;0,31;0,25;0,75;8,3;33,86;17,02;15,05;3;False
MRFG3;0,42216881717132704;0,44368004604257666;0,4339999930505144;Carnes e Derivados;Alimentos Processados;Consumo não Cíclico;MARFRIG;-30,34;34,79;20,53;7,57;3,31;7,19;9,96;4,35;1,05;0,26;1,23;12,76;3,62;8,29;0,16;0,09;-0,15;1,21;2,39;1,04;53,26;0,09;2,26;-0,48;0,04;0,83;0,17;4,25;4,77;6,08;3;False
MYPK3;0,4226734855015381;0,4388709612929102;0,43158209718679275;Automóveis e Motocicletas;Automóveis e Motocicletas;Consumo Cíclico;IOCHPE MAXION;-1,27;9,23;4,6;4,09;2,73;0,94;6,22;4,14;0,97;1,23;1,56;11,53;6,35;9,54;1,27;0,13;-0,26;0,75;2,13;1,42;10,69;0,14;0,49;-0,04;0,27;0,7;1,23;4,56;8,35;26,94;3;False
SAPR3;0,38698025792210144;0,4679847150478556;0,43153270934126625;Água e Saneamento;Água e Saneamento;Utilidade Pública;SANEPAR;10,9;8,62;5,05;2,09;1,7;0,49;5,59;4,55;0,34;0,99;1,71;58,29;34,9;42,89;22,12;0,44;-0,52;6,58;3,64;2,96;5,74;1,27;0,84;10,97;0,52;0,48;7,59;14,71;10,96;6,74;3;False
WIZC3;0,3899915055019832;0,46427068316385683;0,43084505321601374;Corretoras de Seguros;Previdência e Seguros;Financeiro e Outros;WIZ CO;0,22;13,9;4,14;0,16;0,0;0,15;1,92;0,0;0,51;1,12;0,77;63,22;42,94;0,0;14,23;0,38;-0,48;-6,11;1,75;0,0;5,29;0,75;1,59;0,06;0,24;0,49;7,19;29,99;23,58;3,75;3;False
BMGB4;0,37739670160399674;0,4731092274989953;0,43003859084624596;Bancos;Intermediários Financeiros;Financeiro e Outros;BANCO BMG S.A.;-0,95;20,01;9,61;0,0;0,0;0,0;7,22;6,65;0,16;0,63;0,0;45,26;3,9;4,24;4,63;0,05;-0,05;0,0;7,22;6,65;6,08;0,28;0,51;0,09;0,09;0,91;0,76;8,38;0,0;7,56;4;False
MGLU3;0,4192782234234387;0,43401066467388877;0,4273810661111862;Eletrodomésticos;Comércio;Consumo Cíclico;MAGAZINE LUIZA;-9,33;18,72;0,0;2,35;1,21;0,27;6,5;3,36;1,06;0,5;1,24;30,62;3,41;6,61;0,97;0,15;-0,3;1,56;4,15;2,15;14,63;0,14;0,48;-0,11;0,31;0,69;1,03;3,31;5,68;14,97;3;False
B3SA3;0,38547121290707886;0,4615174354980253;0,4272966353320995;Serviços Financeiros Diversos;Serviços Financeiros Diversos;Financeiro e Outros;B3;9,71;12,34;3,26;-0,01;-0,01;0,0;10,61;9,38;0,23;0,79;1,66;89,98;55,08;62,29;41,48;1,35;-2,02;10,09;10,62;9,39;14,1;5,85;3,31;6,37;0,41;0,59;9,54;23,46;13,32;3,39;3;False
IGTI4;0,3746238910043378;0,46909367740331354;0,4265822735237745;Exploração de Imóveis;Exploração de Imóveis;Financeiro e Outros;JEREISSATI;24,08;10,36;4,25;2,45;1,84;0,38;10,16;7,65;0,14;0,31;2,76;66,53;55,62;73,8;31,62;1,2;-1,64;7,11;15,39;11,6;27,07;8,56;2,38;0,75;0,51;0,49;4,45;8,78;7,75;3,57;4;False
MNPR3;0,43465627942600427;0,4193252966301601;0,42622423888829;Carnes e Derivados;Alimentos Processados;Consumo não Cíclico;MINUPAR;0,0;13,02;0,0;-0,01;0,0;0,0;6,22;4,43;0,96;0,46;0,34;23,25;9,47;13,28;0,96;0,56;-1,27;-0,52;6,23;4,44;61,16;0,59;-0,62;-0,34;-0,91;1,91;0,92;-1,01;-9,21;-44,96;3;False
RDNI3;0,4075807010760255;0,4393232916451445;0,425039125889041;Incorporações;Construção Civil;Consumo Cíclico;RNI NEGÓCIOS IMOBILIÁRIOS;0,0;17,03;0,0;-4,34;-4,7;1,66;-5,28;-5,72;0,27;-6,97;1,44;6,47;-27,78;-25,66;-68,67;0,07;-0,12;0,57;-0,94;-1,01;-0,38;0,26;0,36;0,0;0,19;0,79;-18,37;-94,5;-15,21;7,38;3;False
ALPK3;0,4524664168117867;0,40114356147498414;0,4242388463765453;Serviços Diversos;Serviços;Bens Industriais;ALLPARK EMPREENDIMENTOS PARTICIPACOES SERVICOS S.A;0,0;6,73;0,0;6,04;0,0;3,49;9,18;0,0;0,58;-0,1;0,71;32,19;13,57;0,0;-1,41;0,25;-0,3;-3,11;3,14;0,0;-30,21;0,43;1,81;0,38;0,14;0,86;-0,81;-6,0;10,67;1,64;3;False
TAEE3;0,38011678403313226;0,4601852570482836;0,42415444419146553;Energia Elétrica;Energia Elétrica;Utilidade Pública;TAESA;9,5;15,51;8,77;3,29;4,05;1,29;7,42;9,15;0,2;1,63;1,42;62,19;69,42;56,34;42,82;0,56;-0,66;12,08;4,13;5,08;6,69;2,86;1,62;0,14;0,34;0,66;8,35;24,22;15,21;6,73;3;False
LPSB3;0,376156835972751;0,46331504406386925;0,42409385042286607;Intermediação Imobiliária;Exploração de Imóveis;Financeiro e Outros;LOPES BRASIL;0,0;10,78;3,23;-1,41;-1,0;-0,29;2,63;1,85;0,46;0,08;1,7;84,83;24,99;35,49;6,61;0,47;-0,65;4,13;4,04;2,85;15,28;1,01;0,81;-0,33;0,57;0,44;3,06;5,33;16,04;1,55;3;False
TAEE4;0,3796612304853372;0,45993689709356456;0,4238128471198622;Energia Elétrica;Energia Elétrica;Utilidade Pública;TAESA;9,5;15,51;8,7;3,29;4,05;1,29;7,42;9,15;0,2;1,63;1,42;62,19;69,42;56,34;42,82;0,56;-0,67;12,18;4,16;5,12;6,74;2,89;1,63;0,14;0,34;0,66;8,35;24,22;15,21;6,73;4;False
BRSR6;0,36859933974464126;0,4680619155593106;0,4233037564427094;Bancos;Intermediários Financeiros;Financeiro e Outros;BANCO BANRISUL;-10,53;15,28;9,32;0,0;0,0;0,0;6,18;0,0;0,11;1,78;0,95;33,66;4,63;0,0;4,43;0,03;-0,03;-49,32;5,73;0,0;6,0;0,27;0,42;-0,21;0,07;0,93;0,49;6,99;0,0;25,48;6;False
HBSA3;0,44683149773637565;0,402794568511359;0,4226111866626165;Transporte Hidroviário;Transporte;Bens Industriais;HIDROVIAS DO BRASIL S.A.;0,0;8,87;0,0;-150,96;0,0;2,93;-215,81;0,0;0,25;-0,48;0,79;19,02;-1,55;0,0;-22,21;0,25;-0,32;-4,9;-64,84;0,0;-4,51;1,0;1,26;0,01;0,2;0,8;-5,65;-27,9;-2,6;1,73;3;False
BRSR3;0,36550331565871985;0,4663281987880278;0,42095700137983927;Bancos;Intermediários Financeiros;Financeiro e Outros;BANCO BANRISUL;-10,53;15,28;9,05;0,0;0,0;0,0;6,18;0,0;0,11;1,78;0,95;33,66;4,63;0,0;4,43;0,03;-0,03;-57,04;6,63;0,0;6,93;0,31;0,48;-0,25;0,07;0,93;0,49;6,99;0,0;25,48;3;False
AERI3;0,4415648843516113;0,40351907585760943;0,4206396896799103;Máq. e Equip. Industriais;Máquinas e Equipamentos;Bens Industriais;AERIS IND. E COM. DE EQUIP. GERACAO DE ENERGIA S.A;0,0;34,34;0,0;9,24;3,59;0,55;14,26;5,54;0,49;-2,83;1,22;10,95;3,55;9,13;-10,06;0,09;-0,24;0,76;5,02;1,95;-1,77;0,18;0,3;-0,03;0,29;0,71;-4,9;-16,91;1,18;16,7;3;False
RAIL3;0,4460975519980143;0,39611836204718553;0,41860899752505853;Transporte Ferroviário;Transporte;Bens Industriais;RUMO;0,0;14,48;0,51;4,81;2,46;0,78;18,68;9,56;0,26;-0,38;1,63;44,03;18,53;36,2;-5,32;0,67;-0,85;8,0;13,87;7,1;-48,33;2,57;2,25;0,28;0,3;0,7;-1,38;-4,66;5,13;8,05;3;False
GOLL4;0,442263917592854;0,3989261853839618;0,4184281648779633;Transporte Aéreo;Transporte;Bens Industriais;GOL;0,0;10,47;0,0;8,86;0,0;0,0;9,17;0,0;0,85;-0,64;0,3;31,71;10,62;0,0;-10,98;0,21;-0,31;-0,28;2,3;0,0;-2,22;0,24;-0,19;0,0;-1,1;2,1;-9,39;-8,53;-36,27;-7,5;4;False
LVTC3;0,3908042761107535;0,4405274158074175;0,41815200294391874;Programas e Serviços;Programas e Serviços;Tecnologia da Informação;LIVETECH DA BAHIA INDUSTRIA E COMERCIO S.A;0,0;0,0;0,0;-1,05;-0,21;-0,08;1,72;0,34;0,6;0,13;1,97;24,38;6,02;30,25;0,99;0,1;-0,16;0,56;2,77;0,55;16,84;0,17;0,21;-0,01;0,47;0,53;0,59;1,26;7,28;10,3;3;False
LOGN3;0,443816717592017;0,3968745135082494;0,41799850534594485;Transporte Hidroviário;Transporte;Bens Industriais;LOG-IN LOGÍSTICA INTERMODAL;0,0;19,06;0,0;4,77;2,43;1,42;12,83;6,54;0,7;-0,31;1,26;14,46;10,64;20,87;-1,27;0,6;-0,82;10,74;8,07;4,11;-67,51;0,86;2,4;0,62;0,25;0,75;-0,89;-3,55;8,41;8,72;3;False
ESPA3;0,42244582477852677;0,4083458218434884;0,41469082316425565;Produtos de Uso Pessoal;Produtos de Uso Pessoal e de Limpeza;Consumo não Cíclico;MPM CORPÓREOS S.A.;0,0;24,51;0,0;4,86;2,79;0,79;6,74;3,87;0,47;-0,06;1,58;35,46;13,44;23,45;-2,04;0,12;-0,21;0,75;1,88;1,08;-12,4;0,25;0,3;-3,04;0,39;0,61;-0,96;-2,46;6,25;2,37;3;False
CXSE3;0,3599990370238434;0,45941671187874783;0,4146787581940409;Corretoras de Seguros;Previdência e Seguros;Financeiro e Outros;CAIXA SEGURIDADE PARTICIPAÇÕES S.A.;19,64;0,0;8,93;-0,29;0,0;-0,09;10,78;0,0;0,0;1,26;1,74;0,0;0,0;0,0;0,0;3,33;-3,88;55,77;11,07;0,0;12,41;0,0;3,63;2,43;0,92;0,08;26,85;29,21;28,33;4,3;3;False
MBLY3;0,40338631518463297;0,4219286660140054;0,41358460814078785;Produtos Diversos;Comércio;Consumo Cíclico;Mobly S.A.;0,0;11,93;0,0;0,06;0,08;-0,01;-2,04;-2,83;0,86;-0,65;2,45;44,49;-14,09;-10,18;-13,87;0,26;-0,5;0,9;-2,1;-2,91;-2,14;0,3;0,41;1,84;0,62;0,38;-12,0;-19,37;-18,93;3,36;3;False
HBOR3;0,39352299576664473;0,42962044212832323;0,4133765912655679;Incorporações;Construção Civil;Consumo Cíclico;HELBOR;0,0;15,03;5,62;7,45;6,58;1,24;8,36;7,38;0,2;0,4;1,97;32,45;18,16;20,56;4,07;0,03;-0,08;0,12;0,91;0,8;4,06;0,17;0,15;0,13;0,22;0,6;0,83;3,73;5,03;10,68;3;False
WEST3;0,40014139673656957;0,42118145215810004;0,4117134272184113;Produtos Diversos;Comércio;Consumo Cíclico;WESTWING COMERCIO VAREJISTA S.A.;0,0;10,76;0,0;2,07;0,0;-0,49;1,0;0,0;0,58;-3,61;2,94;39,1;-29,99;0,0;-21,92;0,19;-0,45;0,48;-1,07;0,0;-1,47;0,32;0,25;0,04;0,73;0,27;-12,68;-17,29;-23,2;20,89;3;False
ENGI4;0,36221359274657416;0,4512991857502291;0,4112106688985844;Energia Elétrica;Energia Elétrica;Utilidade Pública;ENERGISA;16,62;12,56;0,0;3,84;3,0;1,5;6,84;5,34;0,44;1,08;1,18;26,72;19,73;25,26;7,69;0,23;-0,3;5,74;2,61;2,04;6,71;0,52;1,02;0,14;0,22;0,72;3,36;15,26;9,92;7,09;4;False
PETZ3;0,39625934065849305;0,4231431679725056;0,4110454456812;Produtos Diversos;Comércio;Consumo Cíclico;PETZ;-29,48;32,81;6,91;-0,37;-0,14;-0,02;18,81;6,85;0,82;0,01;1,65;46,69;3,11;8,54;0,17;0,49;-0,77;3,41;19,19;6,98;361,64;0,6;1,15;-4,35;0,43;0,57;0,14;0,32;3,81;3,67;3;False
ASAI3;0,40693434509757087;0,4131623564119859;0,4103597513204992;Alimentos;Comércio e Distribuição;Consumo não Cíclico;SENDAS DISTRIBUIDORA S.A.;0,0;0,0;1,33;3,41;2,4;2,52;5,96;4,2;1,64;0,47;0,86;16,48;5,12;7,26;0,88;0,21;-0,33;-3,83;2,55;1,8;14,78;0,13;1,88;-0,66;0,11;0,89;1,45;12,73;16,71;3,69;3;False
SUZB3;0,4340118613362908;0,3880414377763464;0,4087281283783214;Papel e Celulose;Madeira e Papel;Materiais Básicos;SUZANO S.A.;0,0;12,75;3,54;5,06;3,19;2,45;9,66;6,08;0,29;-5,6;1,72;42,19;33,1;52,59;-14,92;0,43;-0,58;4,07;4,6;2,89;-10,2;1,52;2,23;0,07;0,2;0,8;-4,26;-21,82;7,19;25,64;3;False
EQTL3;0,344113447053029;0,46155201043668415;0,40870465691403934;Energia Elétrica;Energia Elétrica;Utilidade Pública;EQUATORIAL ENERGIA;19,34;29,5;1,75;5,03;4,02;1,61;9,71;7,75;0,39;1,78;1,47;29,6;18,72;23,45;5,05;0,34;-0,45;4,46;4,68;3,74;17,34;0,88;1,5;0,89;0,23;0,73;1,98;8,65;9,43;20,55;3;False
MLAS3;0,38924264036744693;0,4245601765299108;0,40866728525680207;Computadores e Equipamentos;Computadores e Equipamentos;Tecnologia da Informação;MULTILASER INDUSTRIAL S.A.;0,0;12,82;0,0;0,33;0,41;-0,04;-2,63;-3,26;0,64;-0,54;2,81;14,67;-10,5;-8,49;-13,61;0,2;-0,73;0,42;-2,97;-3,67;-2,29;0,31;0,33;0,06;0,6;0,4;-8,65;-14,39;-9,89;3,77;3;False
SIMH3;0,37051662033707905;0,438374991577124;0,4078387245191038;Holdings Diversificadas;Holdings Diversificadas;Financeiro e Outros;SIMPAR S.A.;0,0;31,57;0,0;7,28;0,0;12,44;7,83;0,0;0,48;-0,38;1,5;24,35;14,6;0,0;-0,85;0,04;-0,06;0,33;0,55;0,0;-9,41;0,08;0,94;0,01;0,04;0,91;-0,41;-9,95;8,94;3,8;3;False
PTBL3;0,4287585109389127;0,3902397006469331;0,40757316527832393;Produtos para Construção;Construção e Engenharia;Bens Industriais;PORTOBELLO;0,0;15,75;0,0;5,93;2,96;2,56;9,23;4,61;0,72;-0,11;0,83;37,39;7,3;14,64;-0,66;0,17;-0,26;-2,47;3,3;1,65;-36,66;0,24;1,42;0,59;0,12;0,88;-0,47;-3,89;10,27;2,8;3;False
SHOW3;0,4025226184823386;0,4110449992643736;0,4072099279124579;Produção de Eventos e Shows;Viagens e Lazer;Consumo Cíclico;TIME FOR FUN;0,0;3,21;0,0;-1,47;-1,11;-0,15;1,56;1,18;1,04;-0,27;1,15;9,82;3,33;4,4;-3,93;0,11;-0,24;1,45;3,03;2,29;-2,57;0,1;0,3;0,01;0,35;0,65;-4,1;-11,87;2,85;2,3;3;False
FRIO3;0,4234626013557006;0,3932069762631912;0,40682200755482045;Máq. e Equip. Industriais;Máquinas e Equipamentos;Bens Industriais;METALFRIO SOLUTIONS;0,0;10,44;0,0;4,44;2,97;1,79;17,3;11,57;1,15;3,05;1,15;17,53;6,49;9,71;0,91;0,96;-2,99;10,69;12,86;8,6;91,71;0,83;5,17;-0,77;0,19;0,77;1,05;5,64;9,64;54,12;3;False
CTKA4;0,3633586446459533;0,4414087898449604;0,40628622450540725;Fios e Tecidos;Tecidos. Vestuário e Calçados;Consumo Cíclico;KARSTEN;0,0;16,1;0,0;5,07;4,09;0,0;7,49;6,04;1,07;10,89;1,74;45,77;11,22;13,92;9,66;0,26;-0,89;0,87;2,17;1,75;2,53;0,24;-3,01;0,03;-0,09;1,09;10,38;-119,38;18,85;-9,12;4;False
MNDL3;0,3999706987159052;0,411220330092488;0,4061579959730257;Acessórios;Tecidos. Vestuário e Calçados;Consumo Cíclico;MUNDIAL;-10,76;12,21;0,0;3,72;0,0;2,98;5,19;0,0;0,66;0,17;0,79;39,06;13,49;0,0;0,19;0,13;-0,22;-1,27;1,47;0,0;106,42;0,2;1,18;-1,07;0,11;0,89;0,12;1,11;19,05;15,82;3;False
HAPV3;0,3682209080617495;0,43631810076925714;0,40567436405087876;Serv.Méd.Hospit..Análises e Diagnósticos;Serv.Méd.Hospit..Análises e Diagnósticos;Saúde;HAPVIDA;0,0;43,42;0,0;2,73;1,51;0,08;15,98;8,81;0,3;-0,07;1,39;5,66;5,99;10,86;-2,45;0,24;-0,28;6,62;13,24;7,31;-32,34;0,79;0,37;0,78;0,66;0,34;-0,74;-1,13;2,2;6,46;3;False
CSAN3;0,3182864197168733;0,4751177657167927;0,404543660016829;Exploração. Refino e Distribuição;Petróleo. Gás e Biocombustíveis;Petróleo. Gás e Biocombustíveis;COSAN;6,24;30,82;6,19;5,19;3,78;2,69;6,51;4,74;0,29;1,2;1,86;30,2;24,7;33,96;5,35;0,09;-0,12;0,93;1,32;0,96;6,09;0,33;0,68;-0,01;0,14;0,66;1,54;11,22;8,63;10,67;3;False
BBSE3;0,35950304539547256;0,44113905792410635;0,4044028522862212;Seguradoras;Previdência e Seguros;Financeiro e Outros;BB SEGURIDADE;5,04;0,0;9,99;0,0;0,0;0,0;7,72;0,0;0,0;4,26;1,2;0,0;0,0;0,0;0,0;3,43;-6,33;45,52;7,72;0,0;8,7;0,0;7,64;0,77;0,45;0,55;39,4;87,84;0,0;4,85;3;False
AFLT3;0,3276215846990604;0,4647712097471205;0,40305387847549345;Energia Elétrica;Energia Elétrica;Utilidade Pública;AFLUENTE;-0,02;14,85;9,39;-0,72;0,0;-0,09;14,5;0,0;0,17;0,36;1,59;58,08;53,92;0,0;41,22;1,43;-1,9;15,74;15,22;0,0;19,91;8,21;1,82;-1,1;0,79;0,21;7,19;9,13;8,69;3,92;3;False
GPIV3;0,3456460817725421;0,449440160536504;0,4027328250927211;Gestão de Recursos e Investimentos;Serviços Financeiros Diversos;Financeiro e Outros; GP INVESTMENTS;0,0;0,0;0,0;-1,33;0,0;0,0;-0,3;0,0;0,2;4,04;0,0;100,0;47,54;0,0;49,76;0,1;-0,11;0,0;1,03;0,0;0,98;0,49;0,0;-0,01;0,0;1,0;9,78;0,0;793,44;0,0;3;False
MGEL4;0,4335517487388019;0,3755531791849302;0,40165253548417246;Artefatos de Ferro e Aço;Siderurgia e Metalurgia;Materiais Básicos;MANGELS INDUSTRIAL;0,0;14,25;0,0;7,48;5,84;24,57;9,83;7,68;1,22;-0,14;1,78;12,43;8,19;10,48;-0,09;0,05;-0,1;0,24;0,52;0,41;-47,49;0,04;1,71;0,47;0,03;0,97;-0,11;-3,6;9,71;4,0;4;False
NEOE3;0,3417984549372638;0,4502317741450272;0,40143678050153364;Energia Elétrica;Energia Elétrica;Utilidade Pública;NEOENERGIA;11,0;11,47;3,41;4,68;3,61;1,37;7,19;5,55;0,43;3,09;1,22;26,71;20,39;26,44;8,01;0,22;-0,28;5,42;2,51;1,94;6,39;0,51;0,73;-0,42;0,3;0,7;3,43;11,47;10,06;26,98;3;False
SANB3;0,3360486318632582;0,45387904957846087;0,40085536160661966;Bancos;Intermediários Financeiros;Financeiro e Outros;BANCO SANTANDER;-1,95;12,73;6,12;0,0;0,0;0,0;5,48;0,0;0,0;1,52;0,0;40,19;13,41;0,0;8,56;0,0;0,0;0,0;5,26;0,0;8,24;0,7;0,0;0,38;0,0;0,0;0,0;0,0;0,0;0,0;3;False
SANB4;0,3340809347785264;0,45297884667795213;0,3994747863232106;Bancos;Intermediários Financeiros;Financeiro e Outros;BANCO SANTANDER;-1,95;12,73;6,11;0,0;0,0;0,0;5,48;0,0;0,0;1,52;0,0;40,19;13,41;0,0;8,56;0,0;0,0;0,0;5,79;0,0;9,08;0,78;0,0;0,41;0,0;0,0;0,0;0,0;0,0;0,0;4;False
ENGI3;0,33916668317989507;0,4468457570617163;0,3983901738148968;Energia Elétrica;Energia Elétrica;Utilidade Pública;ENERGISA;16,62;12,56;1,57;3,84;3,0;1,5;6,84;5,34;0,44;1,08;1,18;26,72;19,73;25,26;7,69;0,4;-0,53;10,08;4,59;3,59;11,78;0,91;1,8;0,25;0,22;0,72;3,36;15,26;9,92;7,09;3;False
ELET6;0,32246782360849097;0,4601515178973894;0,39819385546738517;Energia Elétrica;Energia Elétrica;Utilidade Pública;ELETROBRAS;-5,2;8,27;8,71;2,22;2,06;0,34;7,01;6,49;0,14;4,4;2,06;46,21;48,35;52,27;26,67;0,35;-0,43;3,41;5,24;4,85;9,51;2,54;0,8;0,04;0,43;0,57;3,63;8,37;8,06;52,61;6;False
TEND3;0,38652721214235464;0,40212948709404495;0,3951084633657843;Incorporações;Construção Civil;Consumo Cíclico;CONSTRUTORA TENDA;-10,1;-17,27;1,0;2,61;0,0;0,53;13,42;0,0;0,19;0,96;1,17;37,64;20,55;0,0;12,55;0,42;-0,79;6,2;10,81;0,0;17,7;2,22;2,2;-0,13;0,19;0,81;2,39;12,43;8,36;7,72;3;False
GUAR3;0,3793327943018479;0,40590185057889916;0,39394577525422614;Tecidos. Vestuário e Calçados;Comércio;Consumo Cíclico;GUARARAPES CONFECÇÕES;-29,52;4,11;1,79;1,12;0,71;0,17;5,45;3,46;0,72;0,43;1,55;58,61;8,3;13,06;2,3;0,26;-0,68;1,16;4,33;2,75;15,61;0,36;0,65;-0,07;0,4;0,6;1,65;4,17;8,49;10,33;3;False
YDUQ3;0,3772107467477117;0,4069751742385235;0,3935811818676582;Serviços Educacionais;Diversos;Consumo Cíclico;YDUQS;-20,42;7,3;2,36;5,58;2,69;1,34;9,91;4,78;0,56;0,71;1,7;60,34;14,59;30,25;3,87;0,36;-0,47;3,59;4,33;2,09;16,32;0,63;1,04;1,73;0,34;0,66;2,18;6,4;8,67;11,13;3;False
HBRE3;0,3342333891887266;0,4406874947881453;0,3927831472684069;Exploração de Imóveis;Exploração de Imóveis;Financeiro e Outros;HBR REALTY EMPREENDIMENTOS IMOBILIARIOS;-11,16;21,77;0,0;3,16;3,02;0,48;3,9;3,72;0,03;0,95;1,51;80,06;262,88;275,07;62,31;0,06;-0,07;1,89;0,74;0,7;3,1;1,93;0,11;0,04;0,57;0,43;2,04;3,6;8,32;26,54;3;False
ZAMP3;0,38135239898415685;0,4003422924056649;0,3917968403659863;Restaurante e Similares;Hoteis e Restaurantes;Consumo Cíclico;ZAMP S.A.;0,0;10,35;0,0;6,69;1,46;0,33;18,6;4,05;0,93;-0,22;1,29;66,21;1,88;8,65;-2,11;0,21;-0,3;2,99;11,91;2,59;-10,64;0,22;0,59;0,52;0,35;0,65;-1,96;-5,57;2,42;4,04;3;False
ALPA3;0,37238076678659937;0,40572576457183435;0,39072051556847864;Calçados;Tecidos. Vestuário e Calçados;Consumo Cíclico;ALPARGATAS;0,0;-0,89;0,0;0,03;0,04;-0,01;-2,89;-3,82;0,6;-2,2;2,78;44,2;-38,16;-28,86;-37,55;0,65;-1,38;1,95;-2,84;-3,76;-2,89;1,08;1,09;-0,01;0,6;0,4;-22,66;-37,92;-30,81;5,79;3;False
ALPA4;0,3709431165863324;0,4052992461170042;0,3898389878282019;Calçados;Tecidos. Vestuário e Calçados;Consumo Cíclico;ALPARGATAS;0,0;-0,89;0,0;0,03;0,04;-0,01;-2,89;-3,82;0,6;-2,2;2,78;44,2;-38,16;-28,86;-37,55;0,69;-1,46;2,06;-3,0;-3,97;-3,05;1,15;1,16;-0,01;0,6;0,4;-22,66;-37,92;-30,81;5,79;4;False
NTCO3;0,35877218633341385;0,41481503033271094;0,3895957505330273;Produtos de Uso Pessoal;Produtos de Uso Pessoal e de Limpeza;Consumo não Cíclico;NATURA &CO HOLDING S.A.;0,0;14,82;5,32;5,46;-0,6;0,24;33,49;-3,69;0,75;-8,04;1,46;64,13;2,83;-25,66;-45,69;0,6;-0,96;5,02;28,03;-3,09;-1,73;0,79;1,25;0,01;0,48;0,52;-34,47;-71,81;-5,03;11,2;3;False
UGPA3;0,29938247204720225;0,4617500046709955;0,3886846149902885;Exploração. Refino e Distribuição;Petróleo. Gás e Biocombustíveis;Petróleo. Gás e Biocombustíveis;ULTRAPAR PARTICIPAÇÕES;17,89;6,8;1,53;2,33;1,96;0,76;6,16;5,16;3,34;2,35;1,57;7,24;3,62;4,32;1,99;0,46;-0,79;3,1;3,83;3,21;6,95;0,14;1,24;0,33;0,37;0,61;6,66;17,82;11,49;13,18;3;False
VIVT3;0,3387118443319333;0,42942707943383956;0,3886052236379818;Telecomunicações;Telecomunicações;Comunicações;TELEFÔNICA BRASIL;-9,62;3,69;3,59;1,47;0,56;0,18;11,6;4,39;0,44;3,3;0,96;44,11;15,5;40,94;9,83;0,7;-0,86;-92,92;10,13;3,84;15,98;1,57;1,25;0,88;0,56;0,44;4,35;7,79;8,6;42,38;3;False
ELET3;0,3136422184377829;0,4489692885929304;0,388072107023114;Energia Elétrica;Energia Elétrica;Utilidade Pública;ELETROBRAS;-5,2;8,27;3,36;2,22;2,06;0,34;7,01;6,49;0,14;4,4;2,06;46,21;48,35;52,27;26,67;0,31;-0,39;3,07;4,73;4,37;8,57;2,28;0,72;0,04;0,43;0,57;3,63;8,37;8,06;52,61;3;False
LAND3;0,3808742343606732;0,39099312060893204;0,3864396217972156;Agricultura;Agropecuária;Consumo não Cíclico;Terra Santa Propriedades Agricolas S.A.;0,0;0,0;0,57;1,92;1,77;0,11;36,32;33,55;0,08;0,28;0,44;93,21;60,03;64,99;37,44;1,59;-1,64;-42,67;34,4;31,78;55,16;20,65;2,03;-0,68;0,79;0,21;2,88;3,67;4,23;7,56;3;False
VTRU3;0,37815805327933716;0,3884650793458593;0,38382691761592436;Serviços Educacionais;Diversos;Consumo Cíclico;VITRU BRASIL EMPREEND. PARTICIP. E COMERCIO S.A.;0,0;0,0;0,0;0,0;0,0;0,0;0,0;0,0;0,0;0,0;0,0;0,0;0,0;0,0;0,0;0,0;0,0;0,0;0,0;0,0;0,0;0,0;0,0;0,0;0,0;0,0;0,0;0,0;0,0;0,0;3;False
VIVR3;0,3678301818320639;0,3961733501312422;0,38341892439661196;Incorporações;Construção Civil;Consumo Cíclico;VIVER INCORPORADORA E CONSTRUTORA ;0,0;-3,94;0,0;-0,39;-0,39;0,16;-1,09;-1,09;0,41;-1,53;1,6;33,15;-46,04;-45,93;-49,28;0,13;-0,23;0,8;-0,7;-0,7;-0,65;0,32;0,28;0,02;0,47;0,53;-20,04;-42,51;-32,77;3,6;3;False
SEER3;0,36636178137908004;0,39612548167863193;0,3827318165438336;Serviços Educacionais;Diversos;Consumo Cíclico;SER EDUCACIONAL;-29,63;7,72;0,0;2,18;1,22;0,49;4,47;2,49;0,57;0,27;1,17;55,17;14,22;25,5;1,79;0,18;-0,25;5,07;2,29;1,28;18,16;0,33;0,51;-0,15;0,36;0,64;1,01;2,83;12,91;9,54;3;False
BPAN4;0,3120899332104352;0,4364213419219735;0,3804722080017813;Bancos;Intermediários Financeiros;Financeiro e Outros;BANCO PAN;-3,21;10,77;3,36;0,0;0,0;0,0;26,59;17,32;0,2;0,42;0,0;37,52;2,62;4,02;4,04;0,14;-0,14;0,0;26,59;17,32;17,25;0,7;1,22;-1,61;0,12;0,88;0,82;7,05;0,0;5,91;4;False
FHER3;0,38037750889638505;0,3798586285688617;0,3800921247162472;Fertilizantes e Defensivos;Químicos;Materiais Básicos;FERTILIZANTES HERINGER;0,0;7,66;0,0;0,16;0,22;0,0;-1,3;-1,8;1,64;-9,8;0,91;3,44;-4,47;-3,24;-11,35;0,11;-0,33;-1,62;-1,46;-2,01;-0,58;0,07;-0,63;-0,02;-0,17;1,17;-18,67;-110,03;47,11;-8,91;3;False
BSLI3;0,3129637749422391;0,4334792123183315;0,37924726549908994;Bancos;Intermediários Financeiros;Financeiro e Outros;BRB BCO DE BRASILIA S.A.;-5,14;13,5;1,02;0,0;0,0;0,0;20,98;0,0;0,16;0,48;0,0;31,55;1,72;0,0;2,38;0,06;-0,06;3,05;21,19;0,0;15,26;0,36;1,29;0,44;0,04;0,96;0,38;8,47;0,0;5,65;3;False
G2DI3;0,3370391671872876;0,4127348478927936;0,37867179157531594;Gestão de Recursos e Investimentos;Serviços Financeiros Diversos;Financeiro e Outros; G2D INVESTMENTS LTD;0,0;0,0;0,0;0,01;0,0;0,0;-1,75;0,0;-0,13;-1,08;2,16;100,0;113,89;0,0;122,19;0,25;-0,26;10,9;-1,77;0,0;-1,65;0,0;0,27;0,01;0,95;0,05;-15,33;-16,08;-14,37;6,71;3;False
MEAL3;0,36457318046195286;0,38880150940924924;0,37789876138296585;Restaurante e Similares;Hoteis e Restaurantes;Consumo Cíclico;INTERNATIONAL MEAL COMPANY;0,0;7,07;0,0;11,15;1,9;0,34;20,15;3,44;0,83;-0,37;0,91;33,48;1,45;8,49;-4,81;0,11;-0,13;-6,52;8,99;1,53;-2,71;0,13;0,27;0,01;0,39;0,61;-4,0;-10,15;0,19;3,6;3;False
IRBR3;0,31051313068651065;0,4316132486659598;0,3771181955752077;Seguradoras;Previdência e Seguros;Financeiro e Outros;IRB;-15,74;0,1;0,0;0,0;0,0;0,0;8,71;6,99;0,37;6,36;1,2;8,62;8,55;10,67;8,81;0,27;-0,4;5,26;8,71;6,99;8,46;0,75;0,92;-0,01;0,3;0,7;3,23;10,82;0,0;58,77;3;False
CLSA3;0,3403030450316378;0,4057470243825442;0,3762972336746363;Programas e Serviços;Programas e Serviços;Tecnologia da Informação;CLEAR SALE S.A.;0,0;0,0;0,0;5,05;0,0;-0,5;-22,9;0,0;0,56;-0,13;3,44;35,05;-14,55;0,0;-5,14;2,27;-5,36;5,54;-27,96;0,0;-79,2;4,07;2,79;6,41;0,81;0,19;-2,87;-3,53;-11,59;3,71;3;False
AURE3;0,2926419912103636;0,44252392142871305;0,37507705283045584;Energia Elétrica;Energia Elétrica;Utilidade Pública;AUREN ENERGIA S.A.;0,0;0,0;4,52;2,0;1,31;0,25;8,02;5,26;0,21;0,69;1,93;19,16;23,4;35,7;10,96;0,3;-0,43;2,0;6,02;3,95;12,86;1,41;0,74;-0,2;0,4;0,6;2,3;5,74;5,47;11,98;3;False
PDTC3;0,3158793578051722;0,4220812573540136;0,37429040255703494;Serviços Financeiros Diversos;Serviços Financeiros Diversos;Financeiro e Outros;PADTEC HOLDING S.A.;0,0;0,0;3,61;-26,56;0,0;1,38;-41,58;0,0;0,41;-0,29;2,6;30,66;-2,32;0,0;-7,91;0,14;-0,56;0,31;-15,02;0,0;-4,41;0,35;0,78;0,02;0,18;0,82;-3,24;-17,67;-1,49;1,64;3;False
CVCB3;0,3595931972731097;0,38482060843263893;0,37346827341085076;Viagens e Turismo;Viagens e Lazer;Consumo Cíclico;CVC BRASIL;0,0;-3,28;0,0;3,65;0,86;0,44;17,47;4,12;0,39;-0,22;0,91;85,24;4,53;19,18;-7,58;0,24;-0,58;-4,31;13,82;3,26;-8,25;0,63;1,65;0,11;0,15;0,85;-2,96;-20,02;3,25;1,11;3;False
CTSA4;0,35987999807116056;0,37920401116671926;0,37050820527371786;Fios e Tecidos;Tecidos. Vestuário e Calçados;Consumo Cíclico;SANTANENSE;0,0;-25,55;0,0;-2,74;-3,26;0,86;-3,3;-3,92;0,16;-3,4;0,49;-30,34;-67,67;-56,91;-94,57;0,04;-0,05;-0,18;-0,35;-0,42;-0,25;0,24;0,11;0,0;0,35;0,65;-15,25;-43,64;-15,75;7,79;4;False
AZUL4;0,378796536860312;0,36149668094730447;0,3692816161081579;Transporte Aéreo;Transporte;Bens Industriais;AZUL;0,0;15,18;0,0;10,48;5,59;0,0;10,93;5,84;0,81;-0,06;0,27;24,34;14,77;27,67;-0,37;0,2;-0,25;-0,34;1,65;0,88;-65,61;0,24;-0,18;0,7;-1,11;2,11;-0,3;-0,27;64,38;-20,59;4;False
TIMS3;0,2929820063932046;0,42822752013302084;0,3673670389501036;Telecomunicações;Telecomunicações;Comunicações;TIM;-17,96;7,93;7,15;-1,09;-0,48;-0,26;6,43;2,81;0,45;0,56;0,95;53,26;21,63;49,57;5,29;0,73;-0,95;-59,97;7,52;3,28;30,76;1,63;1,83;-0,9;0,4;0,6;2,37;5,93;21,91;9,37;3;False
DESK3;0,27690350268036457;0,43392769853754154;0,3632668104018119;Telecomunicações;Telecomunicações;Comunicações;DESKTOP - SIGMANET COMUNICAÇÃO MULTIMÍDIA S.A.;0,0;0,0;0,46;2,43;1,76;0,65;5,43;3,93;0,28;0,81;2,19;62,91;32,36;44,71;8,49;0,27;-0,38;1,62;2,99;2,17;11,4;0,97;0,8;2,43;0,33;0,66;2,35;7,03;9,21;11,49;3;False
JFEN3;0,3238680891436723;0,39020090220003584;0,3603511363246723;Incorporações;Construção Civil;Consumo Cíclico;JOÃO FORTES ENGENHARIA;0,0;-3,21;0,0;-1,96;-2,03;1,83;-2,23;-2,3;0,13;-11,91;1,99;-17,94;-89,46;-86,76;-116,05;0,03;-0,19;0,07;-0,26;-0,27;-0,2;0,23;0,24;0,0;0,13;0,97;-15,36;-120,61;-41,03;9,88;3;False
COCE5;0,271295383223195;0,432244199309041;0,35981723207041033;Energia Elétrica;Energia Elétrica;Utilidade Pública;COELCE;-4,4;11,07;3,84;4,34;2,87;1,04;6,07;4,01;0,61;3,74;0,55;18,88;14,5;21,95;3,5;0,15;-0,18;-0,87;1,66;1,1;6,88;0,24;0,4;-0,15;0,37;0,63;2,12;5,77;10,2;64,79;5;False
PCAR3;0,3402908700115782;0,3688874205943686;0,3560189728321129;Alimentos;Comércio e Distribuição;Consumo não Cíclico;CIA BRASILEIRA DE DISTRIBUIÇÃO;0,0;-19,8;0,0;93,27;0,0;0,48;182,17;0,0;0,96;-3,28;0,96;19,94;0,08;0,0;-8,53;0,07;-0,1;-5,56;88,91;0,0;-0,83;0,07;0,45;0,02;0,15;0,85;-8,15;-54,72;0,01;5,99;3;False
RNEW4;0,3034912415973767;0,39836511514049255;0,3556718720460904;Energia Elétrica;Energia Elétrica;Utilidade Pública;RENOVA;0,0;-20,33;0,0;3,67;2,7;1,16;4,45;3,27;0,07;0,31;0,42;67,93;127,98;174,16;34,99;0,07;-0,07;-0,6;0,75;0,55;2,74;0,96;0,24;-0,03;0,29;0,71;2,48;8,65;10,35;3,54;4;False
RNEW3;0,30193289713511584;0,39796603857163065;0,354751124925199;Energia Elétrica;Energia Elétrica;Utilidade Pública;RENOVA;0,0;-20,33;0,0;3,67;2,7;1,16;4,45;3,27;0,07;0,31;0,42;67,93;127,98;174,16;34,99;0,07;-0,08;-0,64;0,79;0,58;2,9;1,02;0,25;-0,03;0,29;0,71;2,48;8,65;10,35;3,54;3;False
AMAR3;0,3119611220550117;0,38572635572646524;0,35253200057431117;Tecidos. Vestuário e Calçados;Comércio;Consumo Cíclico;LOJAS MARISA;0,0;-9,85;0,0;-4,1;-1,97;2,31;-8,32;-3,99;0,57;-0,84;0,63;63,3;-13,66;-28,47;-37,76;0,33;-0,46;-1,96;-4,22;-2,03;-1,53;0,58;2,38;0,06;0,14;0,86;-21,57;-155,67;-20,88;0,54;3;False
DOTZ3;0,3063988607115164;0,3872723862467669;0,3508792997559042;Programas e Serviços;Programas e Serviços;Tecnologia da Informação;Dotz S.A.;0,0;1,78;0,0;-2,72;0,0;0,0;-6,23;0,0;0,71;-1,78;0,31;82,46;-9,52;0,0;-15,53;0,24;-0,39;-0,27;-3,51;0,0;-2,15;0,33;-0,21;0,03;-1,15;2,15;-11,08;-9,63;9,24;-18,51;3;False
COGN3;0,32962672952313926;0,36614125918001367;0,3497097208344202;Serviços Educacionais;Diversos;Consumo Cíclico;COGNA ON;0,0;-0,82;0,0;6,98;4,62;0,5;10,84;7,17;0,25;-0,24;1,61;66,14;13,58;20,52;-7,29;0,13;-0,16;1,99;3,86;2,56;-7,2;0,52;0,27;-0,15;0,49;0,47;-1,86;-3,82;2,73;6,19;3;False
DASA3;0,27499284512122885;0,40684805556683434;0,3475132108663119;Serv.Méd.Hospit..Análises e Diagnósticos;Serv.Méd.Hospit..Análises e Diagnósticos;Saúde;DASA;0,0;29,37;0,0;7,58;3,54;1,01;9,51;4,44;0,53;-0,72;1,65;26,62;7,69;16,48;-6,05;0,08;-0,12;0,59;1,93;0,9;-2,45;0,15;0,26;-0,33;0,3;0,69;-3,2;-10,51;5,23;6,87;3;False
SEQL3;0,3374403943402002;0,35456464431185525;0,34685873182461047;Logística;Transporte;Bens Industriais;SEQUOIA LOGISTICA E TRANSPORTES S.A;0,0;15,49;0,0;-0,76;-0,94;1,79;-0,86;-1,07;0,37;-25,52;0,37;-6,18;-103,74;-83,25;-124,01;0,04;-0,05;-0,13;-0,1;-0,13;-0,09;0,11;0,25;0,0;0,16;0,83;-45,53;-282,82;-91,18;9,02;3;False
CBAV3;0,3466814199470479;0,3336473040273594;0,33951265619121923;Minerais Metálicos;Mineração;Materiais Básicos;Companhia Brasileira de Alumínio;0,0;0,0;0,0;-12,18;9,53;0,79;-26,84;21,01;0,58;-1,11;2,31;9,6;-3,35;4,28;-9,3;0,28;-0,43;1,46;-14,66;11,48;-5,28;0,49;0,95;0,12;0,3;0,68;-5,35;-18,07;-5,75;6,16;3;False
ONCO3;0,261960024157445;0,40241746608454493;0,33921161721735;Serv.Méd.Hospit..Análises e Diagnósticos;Serv.Méd.Hospit..Análises e Diagnósticos;Saúde;ONCOCLINICAS DO BRASIL SERVICOS MEDICOS S.A.;0,0;0,0;0,0;4,83;3,49;0,96;9,01;6,51;0,5;0,11;1,96;33,54;12,31;17,03;1,19;0,26;-0,43;1,28;4,18;3,02;43,3;0,51;0,83;-0,65;0,31;0,66;0,59;1,91;7,05;5,82;3;False
IFCM3;0,3098941039489559;0,3609849447461035;0,3379940663873871;Programas e Serviços;Programas e Serviços;Tecnologia da Informação;INFRACOMMERCE CXAAS S.A.;0,0;60,53;0,0;-0,44;-0,49;0,0;-0,47;-0,52;0,69;-2,29;0,75;29,21;-159,54;-145,89;-182,47;0,03;-0,06;-0,24;-0,03;-0,03;-0,03;0,05;-0,47;0,0;-0,07;1,07;-126,38;-1809,59;-229,15;-0,13;3;False
TRAD3;0,2637074601202742;0,3910267056459097;0,33373304515937374;Programas e Serviços;Programas e Serviços;Tecnologia da Informação;TC TRADERS CLUB S.A.;0,0;0,0;0,0;0,24;0,0;-0,21;-0,78;0,0;0,19;-6,02;4,51;32,14;-423,58;0,0;-495,82;0,82;-1,25;3,01;-1,01;0,0;-0,87;4,3;0,9;-0,01;0,91;0,1;-94,09;-103,79;-103,99;5,8;3;False
AMBP3;0,21212987400747135;0,4326331205159297;0,33340665958712346;Água e Saneamento;Água e Saneamento;Utilidade Pública;AMBIPAR PARTICIPACOES E EMPREENDIMENTOS S/A;0,0;66,18;0,0;4,04;2,83;2,76;20,75;14,49;0,43;-1,7;3,01;21,49;19,61;28,08;-4,63;1,42;-2,42;5,16;16,7;11,67;-70,8;3,28;11,41;-0,57;0,12;0,8;-2,01;-16,11;9,27;10,57;3;False
ENEV3;0,22019742151109142;0,42307658235567963;0,33178095997561496;Energia Elétrica;Energia Elétrica;Utilidade Pública;ENEVA;-2,06;26,39;0,0;5,39;3,53;1,02;13,74;9,01;0,2;0,41;1,23;39,82;30,67;46,77;8,65;0,5;-0,59;17,41;8,35;5,48;29,63;2,56;1,58;0,21;0,32;0,66;1,69;5,32;3,88;7,79;3;False
VVEO3;0,2479381873660154;0,38220316868681803;0,32178392709245685;Serv.Méd.Hospit..Análises e Diagnósticos;Serv.Méd.Hospit..Análises e Diagnósticos;Saúde;CM HOSPITALAR S.A.;0,0;0,0;9,1;50,15;6,19;0,7;61,72;7,61;1,12;-0,19;2,21;13,91;0,36;2,93;-0,53;0,05;-0,11;0,15;11,57;1,43;-7,92;0,04;0,16;0,06;0,29;0,71;-0,59;-2,03;-5,18;9,34;3;False
RAIZ4;0,21183295053878254;0,39441723407212426;0,3122543064821205;Exploração. Refino e Distribuição;Petróleo. Gás e Biocombustíveis;Petróleo. Gás e Biocombustíveis;RAIZEN S.A.;0,0;0,0;1,53;5,48;1,08;1,46;8,5;1,67;1,96;-0,25;1,1;5,46;2,35;11,94;-1,03;0,14;-0,25;3,55;3,02;0,59;-6,85;0,07;0,8;0,04;0,17;0,83;-2,03;-11,75;6,83;2,14;4;False
QUAL3;0,22145415296713553;0,3829831420434418;0,310295096959104;Serv.Méd.Hospit..Análises e Diagnósticos;Serv.Méd.Hospit..Análises e Diagnósticos;Saúde;QUALICORP;0,0;-1,96;0,0;6,51;1,76;0,8;10,04;2,71;0,37;-0,29;1,13;80,98;10,07;37,32;-5,04;0,13;-0,21;2,96;3,54;0,95;-7,06;0,36;0,44;-0,07;0,3;0,7;-1,85;-6,17;4,55;4,64;3;False
AMOB3;0,1978371453529257;0,3884650793458593;0,30268250904903915;Equipamentos e Serviços;Petróleo. Gás e Biocombustíveis;Petróleo. Gás e Biocombustíveis;AUTOMOB PARTICIPAÇÕES ;0,0;0,0;0,0;0,0;0,0;0,0;0,0;0,0;0,0;0,0;0,0;0,0;0,0;0,0;0,0;0,0;0,0;0,0;0,0;0,0;0,0;0,0;0,0;0,0;0,0;0,0;0,0;0,0;0,0;0,0;3;False
NEXP3;0,2159139105306166;0,36804277282691655;0,2995847847935816;Intermediação Imobiliária;Exploração de Imóveis;Financeiro e Outros;NEXPE PARTICIPAÇÕES S.A;0,0;0,72;0,0;-1,09;-1,1;0,0;-1,28;-1,29;0,72;-17,27;0,34;4,63;-68,55;-67,57;-58,89;0,09;-0,15;-0,12;-0,19;-0,19;-0,22;0,13;-0,06;0,0;-1,56;2,55;-42,25;-27,12;53,96;-63,66;3;False
RPMG3;0,165287988027509;0,40928230899132945;0,29948486455761025;Exploração. Refino e Distribuição;Petróleo. Gás e Biocombustíveis;Petróleo. Gás e Biocombustíveis;REFINARIA DE PETROLEOS MANGUINHOS;0,0;37,87;0,0;0,0;0,0;0,0;-0,16;-0,16;0,74;-16,08;0,84;-13,64;-21,69;-21,25;-18,86;0,03;-0,45;-0,14;-0,16;-0,16;-0,18;0,03;-0,03;-0,01;-0,79;1,79;-14,03;-17,71;20,36;-90,81;3;False
SRNA3;0,17959220268322082;0,3856478832932481;0,29292282701873584;Energia Elétrica;Energia Elétrica;Utilidade Pública;SERENA ENERGIA S.A.;0,0;0,0;0,0;7,72;5,18;1,87;11,57;7,77;0,17;0,34;0,99;33,04;39,65;59,04;6,14;0,26;-0,31;-223,67;3,85;2,59;24,87;1,53;0,93;0,08;0,28;0,72;1,06;3,76;6,54;9,15;3;False
PMAM3;0,25963653872479553;0,30285586429845823;0,28340716779031006;Artefatos de Cobre;Siderurgia e Metalurgia;Materiais Básicos;PARANAPANEMA;0,0;-27,23;0,0;-10,25;0,0;0,0;-10,42;0,0;0,24;-22,2;0,08;-61,55;-110,7;0,0;-382,78;0,04;-0,06;-0,02;-0,17;0,0;-0,05;0,19;-0,01;0,0;-3,22;4,22;-90,58;-28,12;52,53;-78,97;3;False
LIGT3;0,17026279086308466;0,3606555005521753;0,2749787811920845;Energia Elétrica;Energia Elétrica;Utilidade Pública;LIGHT;0,0;3,35;0,0;7,21;4,38;3,3;8,29;5,04;0,61;-0,54;0,37;17,04;9,04;14,86;-1,4;0,06;-0,08;-0,15;1,09;0,66;-7,01;0,1;0,5;0,07;0,12;0,88;-0,85;-7,09;6,63;7,64;3;False
AALR3;0,13088406215920695;0,3583424256513497;0,2559861620798855;Serv.Méd.Hospit..Análises e Diagnósticos;Serv.Méd.Hospit..Análises e Diagnósticos;Saúde;ALLIANÇA SAÚDE E PARTICIPAÇÕES S.A.;0,0;1,84;0,0;8,61;4,24;0,49;34,9;17,17;0,46;-1,08;0,77;30,37;5,47;11,11;-13,69;0,66;-0,8;-11,93;26,28;12,93;-10,5;1,44;1,51;0,28;0,44;0,55;-6,25;-14,37;2,56;7,53;3;False
KRSA3;0,13646524806471388;0,3461582341142867;0,251796390391979;Serv.Méd.Hospit..Análises e Diagnósticos;Serv.Méd.Hospit..Análises e Diagnósticos;Saúde;KORA SAÚDE PARTICIPAÇÕES S.A;0,0;0,0;0,0;8,94;6,86;2,87;11,22;8,61;0,48;-1,3;1,39;20,0;12,91;16,83;-4,42;0,14;-0,2;1,83;2,28;1,75;-6,66;0,29;0,73;0,13;0,19;0,78;-2,13;-10,98;7,11;11,86;3;False
MWET4;0,2005533257486033;0,2363512527469504;0,2202421855976942;Material Rodoviário;Material de Transporte;Bens Industriais;WETZEL;0,0;10,46;0,0;13,1;8,43;0,0;15,89;10,22;0,78;-7,44;0,84;12,25;3,11;4,84;-5,66;0,06;-0,11;-0,88;2,67;1,72;-1,47;0,08;-16,15;-0,01;0,0;1,0;-4,4;-1098,99;3,14;-0,68;4;False
